gene,snp,pos,slope,SE,pvalue
ENSG00000099889.9,rs116228135,20374715,2.053045467460713,0.25971923714137274,7.720396727555738e-12
ENSG00000196431.3,rs7284838,26792326,1.1403826757074842,0.1404086887443902,2.7969951298758423e-12
ENSG00000196431.3,rs12152162,26823360,1.1773388366920294,0.13685784636808415,2.9220257763689763e-13
ENSG00000196431.3,rs77572172,26830478,0.7805378981994082,0.12796219912252169,2.8554186399988385e-08
ENSG00000196431.3,rs67214744,26836242,0.7805378981994082,0.12796219912252169,2.8554186399988385e-08
ENSG00000196431.3,rs5761529,26843708,0.7805378981994082,0.12796219912252169,2.8554186399988385e-08
ENSG00000196431.3,rs5752326,26843990,0.7805378981994082,0.12796219912252169,2.8554186399988385e-08
ENSG00000196431.3,rs5752327,26844070,0.7805378981994082,0.12796219912252169,2.8554186399988385e-08
ENSG00000196431.3,rs5997090,26844540,0.7805378981994082,0.12796219912252169,2.8554186399988385e-08
ENSG00000196431.3,rs3752589,26847586,0.7805378981994082,0.12796219912252169,2.8554186399988385e-08
ENSG00000196431.3,rs722997,26849666,0.7805378981994082,0.12796219912252169,2.8554186399988385e-08
ENSG00000196431.3,rs67923666,26853175,0.7805378981994082,0.12796219912252169,2.8554186399988385e-08
ENSG00000196431.3,rs1894705,26853980,0.7805378981994082,0.12796219912252169,2.8554186399988385e-08
ENSG00000196431.3,rs5761545,26862772,0.7805378981994082,0.12796219912252169,2.8554186399988385e-08
ENSG00000196431.3,rs5844703,26864156,1.1773388366920294,0.13685784636808415,2.9220257763689763e-13
ENSG00000196431.3,rs5761565,26894263,1.1773388366920294,0.13685784636808415,2.9220257763689763e-13
ENSG00000196431.3,rs2157586,26895061,1.1773388366920294,0.13685784636808415,2.9220257763689763e-13
ENSG00000196431.3,rs713900,26898242,1.1773388366920294,0.13685784636808415,2.9220257763689763e-13
ENSG00000196431.3,rs134144,26908970,1.1773388366920294,0.13685784636808415,2.9220257763689763e-13
ENSG00000184076.9,rs71794606,30279312,-95.41284083019829,10.788631085270808,9.379187209768804e-14
ENSG00000211651.2,esv2658046,22906059,4411.798626462085,254.34033145203028,5.5613372016404515e-30
ENSG00000254709.1,esv2658046,22906059,617.504553020276,41.49885214992074,1.237821377241608e-25
ENSG00000211667.2,rs5759658,23584430,38.16375423448947,6.117611765519846,1.5524823678884213e-08
ENSG00000211664.2,rs150931780,22977427,428.43139174237956,56.00184850232732,2.5279023787798977e-11
ENSG00000211664.2,rs4822340,23244269,265.71602486288214,42.91393918490258,1.9057377096055926e-08
ENSG00000230513.1,rs178297,21353328,-0.30656486147742334,0.04202558797766552,1.3106179867888124e-10
ENSG00000230513.1,rs2075269,21356029,-0.3767993588628603,0.04285444538060814,1.19444530551427e-13
ENSG00000230513.1,rs369250,21356566,-0.332408496911314,0.03977180414107804,9.240259428809627e-13
ENSG00000230513.1,rs28372939,21356824,-0.36151993108736924,0.04679680599124673,1.783399752327477e-11
ENSG00000230513.1,rs66918515,21356892,-0.36151993108736924,0.04679680599124673,1.783399752327477e-11
ENSG00000230513.1,rs9625292,21356925,-0.36151993108736924,0.04679680599124673,1.783399752327477e-11
ENSG00000230513.1,rs78491687,21357624,0.27968297799277514,0.04516707605852568,1.9027860817197027e-08
ENSG00000230513.1,rs8141465,21358653,0.27968297799277514,0.04516707605852568,1.9027860817197027e-08
ENSG00000230513.1,rs113808690,21360430,-0.34684737640036467,0.055307043277397244,1.342093302134093e-08
ENSG00000230513.1,rs2520647,21361238,0.27968297799277514,0.04516707605852568,1.9027860817197027e-08
ENSG00000230513.1,rs370907,21361242,-0.332408496911314,0.03977180414107804,9.240259428809627e-13
ENSG00000230513.1,rs67086868,21361920,-0.34684737640036467,0.055307043277397244,1.342093302134093e-08
ENSG00000230513.1,rs2516536,21362474,0.27968297799277514,0.04516707605852568,1.9027860817197027e-08
ENSG00000230513.1,rs4820723,21363561,-0.34684737640036467,0.055307043277397244,1.342093302134093e-08
ENSG00000230513.1,rs2239961,21363960,-0.36151993108736924,0.04679680599124673,1.783399752327477e-11
ENSG00000230513.1,rs7292605,21365271,-0.36151993108736924,0.04679680599124673,1.783399752327477e-11
ENSG00000230513.1,rs7287388,21365474,-0.36151993108736924,0.04679680599124673,1.783399752327477e-11
ENSG00000230513.1,rs12165467,21366206,-0.35883068913913385,0.04927443508508997,1.3878409532233758e-10
ENSG00000230513.1,rs1966316,21366634,-0.36151993108736924,0.04679680599124673,1.783399752327477e-11
ENSG00000230513.1,rs4820728,21370722,-0.34996237216126463,0.05520161655681796,9.912584406446957e-09
ENSG00000230513.1,rs2073597,21372160,-0.34996237216126463,0.05520161655681796,9.912584406446957e-09
ENSG00000230513.1,rs55763104,21372374,-0.34996237216126463,0.05520161655681796,9.912584406446957e-09
ENSG00000100280.12,rs141250353,29643659,-19.608626128278217,2.806703467682547,5.389040486891881e-10
ENSG00000100280.12,rs71794606,30279312,-35.243658051516945,3.1682076475056906,2.131303444738833e-18
ENSG00000211665.2,rs60095922,22989183,117.17990827074021,8.903876203423033,2.0898182575170964e-22
ENSG00000211665.2,rs2006119,23010449,56.2781412665153,9.13847953586779,2.2079471422703087e-08
ENSG00000211665.2,rs7288823,23012517,117.17990827074021,8.903876203423033,2.0898182575170964e-22
ENSG00000211665.2,rs11912204,23014104,117.17990827074021,8.903876203423033,2.0898182575170964e-22
ENSG00000211665.2,rs79234582,23017929,117.17990827074021,8.903876203423033,2.0898182575170964e-22
ENSG00000211665.2,rs11912443,23019987,117.17990827074021,8.903876203423033,2.0898182575170964e-22
ENSG00000211665.2,rs7285264,23258520,117.17990827074021,8.903876203423033,2.0898182575170964e-22
ENSG00000211665.2,rs111408997,23259746,117.17990827074021,8.903876203423033,2.0898182575170964e-22
ENSG00000211655.2,esv2658046,22906059,166.63889225663544,16.424302499108258,2.038517521583313e-16
ENSG00000161179.9,rs111839709,21917849,14.747099066245521,2.121660010977073,6.339216333495185e-10
ENSG00000236850.3,rs184229045,22963879,13.518539618634875,2.067043154444688,4.057129579260174e-09
ENSG00000100220.7,rs717170,33050409,-47.95808179341499,4.646126447444294,8.92329256213075e-17
ENSG00000211642.2,rs402544,22373391,47.712866213629304,6.859602883852255,6.199395334361496e-10
ENSG00000211642.2,rs412274,22373396,47.712866213629304,6.859602883852255,6.199395334361496e-10
ENSG00000211642.2,rs435337,22373446,47.712866213629304,6.859602883852255,6.199395334361496e-10
ENSG00000211642.2,rs66771014,22374250,47.712866213629304,6.859602883852255,6.199395334361496e-10
ENSG00000211642.2,rs420563,22374444,47.712866213629304,6.859602883852255,6.199395334361496e-10
ENSG00000211642.2,rs6000605,22382787,41.47386967339805,6.6147710085427205,1.3505357444319254e-08
ENSG00000100058.7,rs6519611,25845855,5.2009135921540155,0.7222517849512575,2.0173470903806487e-10
ENSG00000100058.7,rs9624834,25846015,5.2009135921540155,0.7222517849512575,2.0173470903806487e-10
ENSG00000100058.7,rs9624835,25846021,5.2009135921540155,0.7222517849512575,2.0173470903806487e-10
ENSG00000100058.7,rs9624836,25846087,4.877969542062407,0.7140726076439268,1.0915809421006511e-09
ENSG00000100058.7,rs5996939,25852155,5.4902183717965025,0.7374025780683638,6.538800779560158e-11
ENSG00000100058.7,rs6423498,25853368,5.2009135921540155,0.7222517849512575,2.0173470903806487e-10
ENSG00000100058.7,rs6004654,25855204,5.2009135921540155,0.7222517849512575,2.0173470903806487e-10
ENSG00000100058.7,rs6004655,25855629,5.2009135921540155,0.7222517849512575,2.0173470903806487e-10
ENSG00000100058.7,rs6004657,25855714,5.2009135921540155,0.7222517849512575,2.0173470903806487e-10
ENSG00000100058.7,rs6004658,25856231,5.2009135921540155,0.7222517849512575,2.0173470903806487e-10
ENSG00000100058.7,rs113130491,25861797,5.2009135921540155,0.7222517849512575,2.0173470903806487e-10
ENSG00000100058.7,rs6004662,25862124,5.2009135921540155,0.7222517849512575,2.0173470903806487e-10
ENSG00000100058.7,rs6004663,25862527,5.2009135921540155,0.7222517849512575,2.0173470903806487e-10
ENSG00000100058.7,rs111892761,25865216,5.098056233345911,0.6961774317768025,1.1508539284578956e-10
ENSG00000100058.7,rs760554,25872592,5.2009135921540155,0.7222517849512575,2.0173470903806487e-10
ENSG00000100058.7,rs760555,25872837,5.2009135921540155,0.7222517849512575,2.0173470903806487e-10
ENSG00000100058.7,rs6004667,25874464,5.2009135921540155,0.7222517849512575,2.0173470903806487e-10
ENSG00000100058.7,rs6004668,25874502,5.2009135921540155,0.7222517849512575,2.0173470903806487e-10
ENSG00000100058.7,rs7285549,25874580,5.2009135921540155,0.7222517849512575,2.0173470903806487e-10
ENSG00000100058.7,rs1930961,25875265,5.2009135921540155,0.7222517849512575,2.0173470903806487e-10
ENSG00000100058.7,rs5996945,25875573,5.2009135921540155,0.7222517849512575,2.0173470903806487e-10
ENSG00000100058.7,rs6004669,25875803,5.2009135921540155,0.7222517849512575,2.0173470903806487e-10
ENSG00000100058.7,rs5996946,25875988,5.2009135921540155,0.7222517849512575,2.0173470903806487e-10
ENSG00000100058.7,rs997873,25878282,5.2009135921540155,0.7222517849512575,2.0173470903806487e-10
ENSG00000100058.7,rs997872,25878614,5.2009135921540155,0.7222517849512575,2.0173470903806487e-10
ENSG00000100058.7,rs3066303,25878648,4.54912384923881,0.7386017544781127,2.200855337639078e-08
ENSG00000100058.7,rs6004671,25879474,5.2009135921540155,0.7222517849512575,2.0173470903806487e-10
ENSG00000100058.7,rs6004672,25881013,5.2009135921540155,0.7222517849512575,2.0173470903806487e-10
ENSG00000100058.7,rs6004673,25885353,5.2009135921540155,0.7222517849512575,2.0173470903806487e-10
ENSG00000100058.7,rs6004675,25889385,5.2009135921540155,0.7222517849512575,2.0173470903806487e-10
ENSG00000223350.2,rs9620184,23188444,409.4241641662408,49.758326386135145,1.6984851888756024e-12
ENSG00000223350.2,rs9623953,23188489,409.4241641662408,49.758326386135145,1.6984851888756024e-12
ENSG00000223350.2,rs8138840,23189131,409.4241641662408,49.758326386135145,1.6984851888756024e-12
ENSG00000223350.2,rs16993790,23190370,409.4241641662408,49.758326386135145,1.6984851888756024e-12
ENSG00000223350.2,rs113375160,23190546,409.4241641662408,49.758326386135145,1.6984851888756024e-12
ENSG00000223350.2,rs75990459,23190680,409.4241641662408,49.758326386135145,1.6984851888756024e-12
ENSG00000223350.2,rs12169722,23191393,409.4241641662408,49.758326386135145,1.6984851888756024e-12
ENSG00000223350.2,rs8140419,23193125,409.4241641662408,49.758326386135145,1.6984851888756024e-12
ENSG00000223350.2,rs867226,23194143,409.4241641662408,49.758326386135145,1.6984851888756024e-12
ENSG00000223350.2,rs739419,23194763,409.4241641662408,49.758326386135145,1.6984851888756024e-12
ENSG00000223350.2,rs739418,23194982,409.4241641662408,49.758326386135145,1.6984851888756024e-12
ENSG00000223350.2,rs739417,23194986,409.4241641662408,49.758326386135145,1.6984851888756024e-12
ENSG00000223350.2,rs745261,23195102,409.4241641662408,49.758326386135145,1.6984851888756024e-12
ENSG00000223350.2,rs12166311,23195259,409.4241641662408,49.758326386135145,1.6984851888756024e-12
ENSG00000223350.2,rs7286492,23196220,409.4241641662408,49.758326386135145,1.6984851888756024e-12
ENSG00000223350.2,rs8138386,23197081,409.4241641662408,49.758326386135145,1.6984851888756024e-12
ENSG00000211659.2,rs60095922,22989183,1878.8006782787695,84.20200026522103,9.26910228351038e-38
ENSG00000211659.2,rs2006119,23010449,928.6930808575842,119.13099487761323,1.2856770811599311e-11
ENSG00000211659.2,rs7288823,23012517,1878.8006782787695,84.20200026522103,9.26910228351038e-38
ENSG00000211659.2,rs11912204,23014104,1878.8006782787695,84.20200026522103,9.26910228351038e-38
ENSG00000211659.2,rs79234582,23017929,1878.8006782787695,84.20200026522103,9.26910228351038e-38
ENSG00000211659.2,rs11912443,23019987,1878.8006782787695,84.20200026522103,9.26910228351038e-38
ENSG00000211659.2,rs7285264,23258520,1878.8006782787695,84.20200026522103,9.26910228351038e-38
ENSG00000211659.2,rs111408997,23259746,1878.8006782787695,84.20200026522103,9.26910228351038e-38
ENSG00000133433.6,rs6003942,24239065,0.7947165919940543,0.1162932030600504,1.0790924435521402e-09
ENSG00000133433.6,rs17004047,24240919,0.6743347665029181,0.09375545514245379,2.097521786642024e-10
ENSG00000133433.6,rs57911209,24241277,0.6743347665029181,0.09375545514245379,2.097521786642024e-10
ENSG00000133433.6,rs59552540,24241307,0.6743347665029181,0.09375545514245379,2.097521786642024e-10
ENSG00000133433.6,rs59300349,24241342,0.6743347665029181,0.09375545514245379,2.097521786642024e-10
ENSG00000133433.6,rs57134786,24241499,0.6743347665029181,0.09375545514245379,2.097521786642024e-10
ENSG00000133433.6,rs57860828,24241549,0.6743347665029181,0.09375545514245379,2.097521786642024e-10
ENSG00000133433.6,rs17004049,24241594,0.6743347665029181,0.09375545514245379,2.097521786642024e-10
ENSG00000133433.6,rs77343483,24242177,0.6743347665029181,0.09375545514245379,2.097521786642024e-10
ENSG00000133433.6,rs74927636,24242302,0.6743347665029181,0.09375545514245379,2.097521786642024e-10
ENSG00000133433.6,rs77138440,24242338,0.6743347665029181,0.09375545514245379,2.097521786642024e-10
ENSG00000133433.6,rs77748624,24242350,0.6743347665029181,0.09375545514245379,2.097521786642024e-10
ENSG00000133433.6,rs7289966,24242606,0.6743347665029181,0.09375545514245379,2.097521786642024e-10
ENSG00000133433.6,rs7284820,24242894,0.6743347665029181,0.09375545514245379,2.097521786642024e-10
ENSG00000133433.6,rs78890812,24245880,0.6743347665029181,0.09375545514245379,2.097521786642024e-10
ENSG00000133433.6,rs112798161,24245976,0.6743347665029181,0.09375545514245379,2.097521786642024e-10
ENSG00000133433.6,rs57108683,24246077,0.6743347665029181,0.09375545514245379,2.097521786642024e-10
ENSG00000133433.6,rs17004186,24262015,0.7947165919940543,0.1162932030600504,1.0790924435521402e-09
ENSG00000133433.6,rs140651348,24283719,0.31207412768333914,0.03589230277202893,1.8936930527330375e-13
ENSG00000133433.6,rs28877980,24286777,0.31207412768333914,0.03589230277202893,1.8936930527330375e-13
ENSG00000133433.6,rs146897840,24291702,0.31986136839442664,0.04811119980167099,2.4939362100689534e-09
ENSG00000133433.6,rs112309218,24298705,0.5342305399318744,0.06309713848305376,5.537716136704614e-13
ENSG00000133433.6,rs112029815,24298820,0.5342305399318744,0.06309713848305376,5.537716136704614e-13
ENSG00000133433.6,rs9624364,24311474,0.5342305399318744,0.06309713848305376,5.537716136704614e-13
ENSG00000133433.6,rs144177582,24311587,0.5342305399318744,0.06309713848305376,5.537716136704614e-13
ENSG00000133433.6,rs12166922,24311892,0.5342305399318744,0.06309713848305376,5.537716136704614e-13
ENSG00000133433.6,rs80020284,24312589,0.5342305399318744,0.06309713848305376,5.537716136704614e-13
ENSG00000133433.6,rs79966373,24313868,0.5342305399318744,0.06309713848305376,5.537716136704614e-13
ENSG00000133433.6,rs79213832,24313954,0.5342305399318744,0.06309713848305376,5.537716136704614e-13
ENSG00000099995.12,rs71794606,30279312,-65.76924489665419,8.084675075515102,2.629583779475747e-12
ENSG00000211649.2,rs2006119,23010449,959.8688303235616,107.49689090360506,6.269439792481481e-14
ENSG00000211649.2,rs6003218,23012049,1916.717195676136,39.50475856911044,8.872969825189227e-65
ENSG00000211649.2,rs8136263,23014327,1916.717195676136,39.50475856911044,8.872969825189227e-65
ENSG00000211649.2,rs16990584,23015285,1916.717195676136,39.50475856911044,8.872969825189227e-65
ENSG00000211649.2,rs75650255,23017564,1916.717195676136,39.50475856911044,8.872969825189227e-65
ENSG00000211649.2,rs72495409,23019417,1916.717195676136,39.50475856911044,8.872969825189227e-65
ENSG00000211649.2,rs10483113,23019958,1916.717195676136,39.50475856911044,8.872969825189227e-65
ENSG00000100319.11,rs71794606,30279312,-6.932044088526485,1.1370473917925186,2.8960097208088024e-08
ENSG00000211648.2,esv2658046,22906059,4017.603422339324,301.982293645988,1.1085590761937606e-22
ENSG00000100225.13,rs717170,33050409,-37.981150670677174,4.470518750010794,4.828771701783435e-13
ENSG00000215268.3,rs141962840,16905526,-4.556057818156178,0.6301764956574316,1.7668958926784506e-10
ENSG00000215268.3,rs181728794,16905757,-8.355768610431436,0.6741429003270794,6.400587926312747e-21
ENSG00000215268.3,rs58942024,16910781,-4.556057818156178,0.6301764956574316,1.7668958926784506e-10
ENSG00000100023.12,rs201550629,21741935,-9.578082370784248,1.5045727457879379,8.821221015440776e-09
ENSG00000211640.2,rs199582935,22855001,549.8008685383822,70.18843424095039,1.0786679755700121e-11
ENSG00000211640.2,rs62228110,22980086,1107.8270152712375,50.04214769827509,1.662220903783222e-37
ENSG00000185608.4,rs73877306,19593343,-15.379485125459345,2.1710519601301144,3.4510874624882885e-10
ENSG00000244752.2,rs112980920,25844027,0.6254974040285014,0.08739520827636507,2.467308296966677e-10
ENSG00000244752.2,rs7288843,25844095,0.8275645275923862,0.11364348284303062,1.3889766546889867e-10
ENSG00000244752.2,rs7289954,25844116,0.8275645275923862,0.11364348284303062,1.3889766546889867e-10
ENSG00000244752.2,rs3198642,25844147,0.8275645275923862,0.11364348284303062,1.3889766546889867e-10
ENSG00000244752.2,rs6519611,25845855,0.7189162879487673,0.0877084415689705,1.9698530213169915e-12
ENSG00000244752.2,rs9624834,25846015,0.7189162879487673,0.0877084415689705,1.9698530213169915e-12
ENSG00000244752.2,rs9624835,25846021,0.7189162879487673,0.0877084415689705,1.9698530213169915e-12
ENSG00000244752.2,rs9624836,25846087,0.6608460247460345,0.08836686477645483,5.610492294745983e-11
ENSG00000244752.2,rs5996939,25852155,0.781884648429301,0.0868955642277989,4.534377568869132e-14
ENSG00000244752.2,rs5996940,25852523,0.7108331567585956,0.10603114535191392,1.9408333234025373e-09
ENSG00000244752.2,rs6423498,25853368,0.7189162879487673,0.0877084415689705,1.9698530213169915e-12
ENSG00000244752.2,rs6004654,25855204,0.7189162879487673,0.0877084415689705,1.9698530213169915e-12
ENSG00000244752.2,rs6004655,25855629,0.7189162879487673,0.0877084415689705,1.9698530213169915e-12
ENSG00000244752.2,rs6004657,25855714,0.7189162879487673,0.0877084415689705,1.9698530213169915e-12
ENSG00000244752.2,rs6004658,25856231,0.7189162879487673,0.0877084415689705,1.9698530213169915e-12
ENSG00000244752.2,rs6004659,25856411,0.6254974040285014,0.08739520827636507,2.467308296966677e-10
ENSG00000244752.2,rs5996942,25861352,0.8275645275923862,0.11364348284303062,1.3889766546889867e-10
ENSG00000244752.2,rs113130491,25861797,0.7189162879487673,0.0877084415689705,1.9698530213169915e-12
ENSG00000244752.2,rs6004662,25862124,0.7189162879487673,0.0877084415689705,1.9698530213169915e-12
ENSG00000244752.2,rs6004663,25862527,0.7189162879487673,0.0877084415689705,1.9698530213169915e-12
ENSG00000244752.2,rs111892761,25865216,0.661805883325967,0.0882842577175539,5.1649563420775395e-11
ENSG00000244752.2,rs760554,25872592,0.7189162879487673,0.0877084415689705,1.9698530213169915e-12
ENSG00000244752.2,rs760555,25872837,0.7189162879487673,0.0877084415689705,1.9698530213169915e-12
ENSG00000244752.2,rs6004667,25874464,0.7189162879487673,0.0877084415689705,1.9698530213169915e-12
ENSG00000244752.2,rs6004668,25874502,0.7189162879487673,0.0877084415689705,1.9698530213169915e-12
ENSG00000244752.2,rs7285549,25874580,0.7189162879487673,0.0877084415689705,1.9698530213169915e-12
ENSG00000244752.2,rs1930961,25875265,0.7189162879487673,0.0877084415689705,1.9698530213169915e-12
ENSG00000244752.2,rs5996945,25875573,0.7189162879487673,0.0877084415689705,1.9698530213169915e-12
ENSG00000244752.2,rs6004669,25875803,0.7189162879487673,0.0877084415689705,1.9698530213169915e-12
ENSG00000244752.2,rs5996946,25875988,0.7189162879487673,0.0877084415689705,1.9698530213169915e-12
ENSG00000244752.2,rs997873,25878282,0.7189162879487673,0.0877084415689705,1.9698530213169915e-12
ENSG00000244752.2,rs997872,25878614,0.7189162879487673,0.0877084415689705,1.9698530213169915e-12
ENSG00000244752.2,rs3066303,25878648,0.6477851231422721,0.08947156778364725,1.6850754583595996e-10
ENSG00000244752.2,rs35325721,25878652,0.5377641251221041,0.084945719954364,1.0317881687017914e-08
ENSG00000244752.2,rs6004671,25879474,0.7189162879487673,0.0877084415689705,1.9698530213169915e-12
ENSG00000244752.2,rs6004672,25881013,0.7189162879487673,0.0877084415689705,1.9698530213169915e-12
ENSG00000244752.2,rs6004673,25885353,0.7189162879487673,0.0877084415689705,1.9698530213169915e-12
ENSG00000244752.2,rs6004675,25889385,0.7189162879487673,0.0877084415689705,1.9698530213169915e-12
ENSG00000184674.7,rs1007888,24241101,5.305937555207132,0.6492122718079929,2.2022031630546103e-12
ENSG00000184674.7,rs2000467,24241533,-5.0094256291994395,0.7045670300774969,3.063055346658115e-10
ENSG00000184674.7,rs2000468,24241611,5.305937555207132,0.6492122718079929,2.2022031630546103e-12
ENSG00000184674.7,rs4822450,24242887,5.305937555207132,0.6492122718079929,2.2022031630546103e-12
ENSG00000184674.7,rs4820571,24242973,-5.056640325121793,0.6793679401316519,6.605469286393489e-11
ENSG00000184674.7,rs5751760,24243573,5.305937555207132,0.6492122718079929,2.2022031630546103e-12
ENSG00000184674.7,rs5751761,24243736,5.305937555207132,0.6492122718079929,2.2022031630546103e-12
ENSG00000184674.7,rs2000469,24245292,-5.178639699114445,0.7133483063933683,1.5404814078245078e-10
ENSG00000184674.7,rs5760095,24247293,5.305937555207132,0.6492122718079929,2.2022031630546103e-12
ENSG00000184674.7,rs5760097,24247794,-4.898132704817172,0.6302225009265763,1.4344346242971714e-11
ENSG00000184674.7,rs4822451,24248166,-5.295732303701655,0.6708529087500726,8.121135122598987e-12
ENSG00000184674.7,rs5760098,24248314,-5.282286506496827,0.6874000685768095,2.156929406491052e-11
ENSG00000184674.7,rs5760099,24248414,-5.191626554805579,0.7017496554917004,8.134192173897685e-11
ENSG00000184674.7,rs5760102,24248761,-5.282286506496827,0.6874000685768095,2.156929406491052e-11
ENSG00000184674.7,rs5751764,24249458,5.2956553109875335,0.70711793133262,5.3409934264639835e-11
ENSG00000184674.7,rs5751765,24249486,-5.075239870548364,0.6840789193947542,7.383036990979515e-11
ENSG00000184674.7,rs5760104,24249573,5.464439210172572,0.621039999444762,1.1594247816943766e-13
ENSG00000184674.7,rs5751766,24249616,4.759515340174908,0.6651276568181026,2.482306510848929e-10
ENSG00000184674.7,rs5751767,24249688,-4.9916445103405565,0.718551767287102,6.453550091568717e-10
ENSG00000184674.7,rs5751768,24249800,-5.028600301666756,0.6940780292438056,1.6476379815489297e-10
ENSG00000184674.7,rs4820572,24250355,-5.282286506496827,0.6874000685768095,2.156929406491052e-11
ENSG00000184674.7,rs5760106,24250645,-5.282286506496827,0.6874000685768095,2.156929406491052e-11
ENSG00000184674.7,rs2330634,24250795,-5.427602252760334,0.6809180284006547,5.667676460087481e-12
ENSG00000184674.7,rs2330635,24251344,-5.404052124282647,0.6830676351467718,7.486719895301262e-12
ENSG00000184674.7,rs2877178,24251517,-5.404052124282647,0.6830676351467718,7.486719895301262e-12
ENSG00000184674.7,rs2154593,24252085,-5.404052124282647,0.6830676351467718,7.486719895301262e-12
ENSG00000184674.7,rs5760107,24252597,-5.404052124282647,0.6830676351467718,7.486719895301262e-12
ENSG00000184674.7,rs5760108,24252668,-5.404052124282647,0.6830676351467718,7.486719895301262e-12
ENSG00000184674.7,rs5751770,24252842,-5.404052124282647,0.6830676351467718,7.486719895301262e-12
ENSG00000184674.7,rs5760109,24252938,-5.404052124282647,0.6830676351467718,7.486719895301262e-12
ENSG00000184674.7,rs2154594,24254055,-5.064841111916324,0.6999984280311246,1.7212554723566e-10
ENSG00000184674.7,rs2186366,24254113,-5.404052124282647,0.6830676351467718,7.486719895301262e-12
ENSG00000184674.7,rs4822452,24254363,-5.404052124282647,0.6830676351467718,7.486719895301262e-12
ENSG00000184674.7,rs4822453,24254862,-5.28406602617215,0.6512594473659938,2.9075060581261554e-12
ENSG00000184674.7,rs4822454,24255208,-5.436088555386928,0.6578222276798675,1.4377401003793941e-12
ENSG00000184674.7,rs4822455,24255296,-5.585428508719945,0.6505577201702787,3.166112569210881e-13
ENSG00000184674.7,rs34560829,24256102,5.264317654523713,0.6295536311131541,9.064319059193296e-13
ENSG00000184674.7,rs11287675,24256692,-5.87780908425075,0.644080564056344,2.4805137307077226e-14
ENSG00000184674.7,rs5996631,24256894,-5.281325185940256,0.8260517971577729,7.806851640286089e-09
ENSG00000184674.7,rs1002286,24257337,5.72844765119436,0.614042246893161,9.51507342098819e-15
ENSG00000184674.7,rs5751771,24258777,-5.87780908425075,0.644080564056344,2.4805137307077226e-14
ENSG00000184674.7,rs5760112,24259772,5.72844765119436,0.614042246893161,9.51507342098819e-15
ENSG00000184674.7,rs4461358,24260106,-5.281325185940256,0.8260517971577729,7.806851640286089e-09
ENSG00000184674.7,rs1892713,24260463,5.8892531419711815,0.5915849057294313,4.993538309633802e-16
ENSG00000184674.7,rs915589,24261004,-5.204331571887307,0.8350907311597939,1.5961570385462036e-08
ENSG00000184674.7,rs62241075,24261297,-5.204331571887307,0.8350907311597939,1.5961570385462036e-08
ENSG00000184674.7,rs11090298,24262061,-5.448865913207593,0.8103904489704373,1.7752636546864005e-09
ENSG00000184674.7,rs4822457,24263474,5.000552276546079,0.5848118146043167,3.731369013747553e-13
ENSG00000184674.7,rs6003957,24263543,-5.484080349413424,0.8107234967291786,1.47711357229542e-09
ENSG00000184674.7,rs6003958,24264089,-5.494268553014114,0.8068592148027521,1.204682923997099e-09
ENSG00000184674.7,rs6003959,24264395,-5.463021889868185,0.8066847493770802,1.4261369240248559e-09
ENSG00000184674.7,rs4822458,24265659,5.72844765119436,0.614042246893161,9.51507342098819e-15
ENSG00000184674.7,rs5751775,24266726,-6.0612990196749825,0.6501697491575709,9.808271347518916e-15
ENSG00000184674.7,rs5760119,24266831,-6.0612990196749825,0.6501697491575709,9.808271347518916e-15
ENSG00000184674.7,rs5760120,24266867,-6.0612990196749825,0.6501697491575709,9.808271347518916e-15
ENSG00000184674.7,rs5751776,24266954,-6.083979324594365,0.6559845518708479,1.2303210054084444e-14
ENSG00000184674.7,rs5751777,24267047,-6.0612990196749825,0.6501697491575709,9.808271347518916e-15
ENSG00000184674.7,rs34819965,24267078,5.886239739509194,0.6193229392475761,4.165556247253137e-15
ENSG00000184674.7,rs9612520,24269459,5.886239739509194,0.6193229392475761,4.165556247253137e-15
ENSG00000184674.7,rs4585126,24270005,-5.995939471118471,0.8018926500863137,5.6418058940019436e-11
ENSG00000184674.7,rs5760124,24272122,5.886239739509194,0.6193229392475761,4.165556247253137e-15
ENSG00000184674.7,rs55941871,24273325,6.2143446818827535,0.5899291788363759,3.313275468907686e-17
ENSG00000184674.7,esv2663494,24274134,-6.0612990196749825,0.6501697491575709,9.808271347518916e-15
ENSG00000184674.7,rs59202133,24285936,3.519889015139592,0.5585046002565759,1.1698456371562662e-08
ENSG00000184674.7,rs57108466,24285938,3.5573978678330223,0.5518421690088868,6.166305830569527e-09
ENSG00000184674.7,rs151028731,24291484,3.562923799127249,0.5476809167319172,4.736134200199156e-09
ENSG00000184674.7,rs139038251,24291927,5.315692882865967,0.6324584072815889,7.411693225156312e-13
ENSG00000184674.7,rs113413,24292264,-5.5076860355747685,0.7966932718475211,7.521314602035207e-10
ENSG00000184674.7,rs1985951,24292488,5.784502549622289,0.6382000552412156,3.3247851397901945e-14
ENSG00000184674.7,rs2844003,24292957,5.656028337589331,0.6217108540077037,2.8356085133111527e-14
ENSG00000184674.7,rs1970980,24293656,-5.595219610537977,0.7214472010715681,1.549179211318158e-11
ENSG00000184674.7,rs2858905,24293976,5.3244999262905885,0.6162138728953485,2.4429423013913726e-13
ENSG00000184674.7,rs2018350,24294979,-5.282343929948911,0.8229657992567319,6.977919819658304e-09
ENSG00000184674.7,rs2330649,24295053,5.684511781209185,0.6494738530862991,1.4425745317672835e-13
ENSG00000184674.7,rs575146,24295074,4.119669659614848,0.6254604736934264,3.292145417793553e-09
ENSG00000184674.7,rs575220,24295103,3.9807606502394983,0.5982593728570038,2.432625578468277e-09
ENSG00000184674.7,rs2858907,24295217,5.822065892587548,0.6262565812273033,1.1088913576205626e-14
ENSG00000184674.7,rs2739330,24295286,5.822065892587548,0.6262565812273033,1.1088913576205626e-14
ENSG00000184674.7,rs6003988,24295388,-5.900411279515302,0.7276357895789546,2.970765641519531e-12
ENSG00000184674.7,rs2739334,24295427,5.852406287784086,0.6004559453394593,1.3308089295224846e-15
ENSG00000184674.7,rs6003989,24295496,-5.901075127211572,0.7263127513605366,2.7602567544928702e-12
ENSG00000184674.7,rs2739335,24295805,5.995484257016065,0.6314903772926556,4.3692826194251785e-15
ENSG00000184674.7,rs6003991,24295813,-5.885241336244689,0.7269504254974525,3.1606105162506337e-12
ENSG00000184674.7,rs140244,24296056,5.969669155172086,0.6182898172753377,2.0470538506843807e-15
ENSG00000184674.7,rs12483950,24296175,6.116337184838119,0.6352456765147381,2.3227330213235067e-15
ENSG00000184674.7,rs12484324,24296294,4.475306885155762,0.6582130714555499,1.2620960335566724e-09
ENSG00000184674.7,rs12483869,24296302,4.3508490685656795,0.6369642308325097,1.0945238540192425e-09
ENSG00000184674.7,rs2739337,24296483,5.942265271674337,0.6453620609091464,1.6869222577983315e-14
ENSG00000184674.7,rs2097433,24296894,5.969669155172086,0.6182898172753377,2.0470538506843807e-15
ENSG00000184674.7,rs2739338,24297130,5.942265271674337,0.6453620609091464,1.6869222577983315e-14
ENSG00000184674.7,rs2253552,24297287,5.942265271674337,0.6453620609091464,1.6869222577983315e-14
ENSG00000184674.7,rs2154601,24297866,4.315957430203518,0.596901279115539,1.7604672157172037e-10
ENSG00000184674.7,rs2739343,24298180,5.163717528928134,0.6317456246267106,2.1935099150735107e-12
ENSG00000184674.7,rs2858913,24298182,5.379367821120029,0.6295189457491559,3.8292080876896354e-13
ENSG00000184674.7,rs2739344,24298293,5.715781456702581,0.6452777366941528,8.778911033563575e-14
ENSG00000184674.7,rs2858914,24298325,5.715781456702581,0.6452777366941528,8.778911033563575e-14
ENSG00000184674.7,rs5760130,24299072,5.995484257016065,0.6314903772926556,4.3692826194251785e-15
ENSG00000184674.7,rs5742303,24299147,5.729090863962569,0.6439196390338034,7.292387593601645e-14
ENSG00000184674.7,rs74325681,24300683,-5.468591037193427,0.7586750374730664,1.952505130971666e-10
ENSG00000184674.7,rs482710,24301972,4.0573739539404485,0.5502891369952444,9.127591827977532e-11
ENSG00000184674.7,rs141411932,24302194,-6.204819207499723,0.6340190205658941,1.1030854490574417e-15
ENSG00000184674.7,rs4822466,24312204,5.886239739509194,0.6193229392475761,4.165556247253137e-15
ENSG00000184674.7,rs1006771,24314006,-5.608952824982032,0.6894778464821172,2.629310146632882e-12
ENSG00000184674.7,esv2660107,24314401,5.963686861548865,0.6608470176223361,4.004974236187512e-14
ENSG00000184674.7,rs139012979,24323514,-4.685576148456421,0.6175047912901773,3.377567372953806e-11
ENSG00000184674.7,rs140220,24328021,4.071939633344595,0.5320933216756965,2.5001932702431897e-11
ENSG00000184674.7,rs140221,24328163,3.843531066421993,0.5771569508598725,2.3729295049674026e-09
ENSG00000184674.7,rs2739329,24334209,4.191614104167755,0.5770525350982588,1.510909660380668e-10
ENSG00000184674.7,rs7289655,24335228,-6.427150548729568,0.6333651848184406,2.021864288696058e-16
ENSG00000184674.7,rs2739332,24335506,5.942626441198956,0.6630241226164373,5.349814595342628e-14
ENSG00000184674.7,rs2739333,24335586,5.194241713259245,0.724496555895649,2.331516528207792e-10
ENSG00000184674.7,rs140288,24335977,5.942626441198956,0.6630241226164373,5.349814595342628e-14
ENSG00000184674.7,rs2844004,24336531,5.942626441198956,0.6630241226164373,5.349814595342628e-14
ENSG00000184674.7,rs2262477,24338936,6.21744683331686,0.6183581163297482,3.126006184110422e-16
ENSG00000184674.7,rs34282092,24342791,-5.852439367956179,0.6485391265563424,4.010140849093956e-14
ENSG00000184674.7,esv2669470,24343050,-6.919258003694779,0.5498821629607297,2.740625967936465e-21
ENSG00000184674.7,rs192096839,24366720,-5.370706364880386,0.6824407776499154,9.091631730033188e-12
ENSG00000184674.7,rs141325606,24366728,-5.370706364880386,0.6824407776499154,9.091631730033188e-12
ENSG00000184674.7,rs13054111,24366742,-5.602057482934822,0.6536040940856255,3.390970271744198e-13
ENSG00000184674.7,rs72617242,24366747,-5.602057482934822,0.6536040940856255,3.390970271744198e-13
ENSG00000184674.7,rs144695194,24366820,-5.494028889694672,0.6643918957355636,1.4011336018663226e-12
ENSG00000184674.7,rs114323341,24366843,-5.368818668987724,0.6767068914608368,6.7460474026050006e-12
ENSG00000184674.7,rs9608229,24399364,6.0516681908307985,0.6515887481267318,1.1572716122480912e-14
ENSG00000184674.7,rs5760175,24399655,6.082664419399966,0.6237143190102943,1.2954594533755372e-15
ENSG00000184674.7,rs5751792,24401542,6.052258094992906,0.6137502953187923,7.765586015906859e-16
ENSG00000184674.7,rs5760176,24402321,6.052258094992906,0.6137502953187923,7.765586015906859e-16
ENSG00000099984.6,rs6003942,24239065,0.8638399453977391,0.12438604870844142,6.512105194085742e-10
ENSG00000099984.6,rs17004047,24240919,0.7148736884134417,0.1017108810473437,4.446059108468219e-10
ENSG00000099984.6,rs57911209,24241277,0.7148736884134417,0.1017108810473437,4.446059108468219e-10
ENSG00000099984.6,rs59552540,24241307,0.7148736884134417,0.1017108810473437,4.446059108468219e-10
ENSG00000099984.6,rs59300349,24241342,0.7148736884134417,0.1017108810473437,4.446059108468219e-10
ENSG00000099984.6,rs57134786,24241499,0.7148736884134417,0.1017108810473437,4.446059108468219e-10
ENSG00000099984.6,rs57860828,24241549,0.7148736884134417,0.1017108810473437,4.446059108468219e-10
ENSG00000099984.6,rs17004049,24241594,0.7148736884134417,0.1017108810473437,4.446059108468219e-10
ENSG00000099984.6,rs77343483,24242177,0.7148736884134417,0.1017108810473437,4.446059108468219e-10
ENSG00000099984.6,rs74927636,24242302,0.7148736884134417,0.1017108810473437,4.446059108468219e-10
ENSG00000099984.6,rs77138440,24242338,0.7148736884134417,0.1017108810473437,4.446059108468219e-10
ENSG00000099984.6,rs77748624,24242350,0.7148736884134417,0.1017108810473437,4.446059108468219e-10
ENSG00000099984.6,rs7289966,24242606,0.7148736884134417,0.1017108810473437,4.446059108468219e-10
ENSG00000099984.6,rs7284820,24242894,0.7148736884134417,0.1017108810473437,4.446059108468219e-10
ENSG00000099984.6,rs78890812,24245880,0.7148736884134417,0.1017108810473437,4.446059108468219e-10
ENSG00000099984.6,rs112798161,24245976,0.7148736884134417,0.1017108810473437,4.446059108468219e-10
ENSG00000099984.6,rs57108683,24246077,0.7148736884134417,0.1017108810473437,4.446059108468219e-10
ENSG00000099984.6,rs17004186,24262015,0.8638399453977391,0.12438604870844142,6.512105194085742e-10
ENSG00000099984.6,rs140651348,24283719,0.3291789793032201,0.039248952946982815,8.060837406247363e-13
ENSG00000099984.6,rs28877980,24286777,0.3291789793032201,0.039248952946982815,8.060837406247363e-13
ENSG00000099984.6,rs146897840,24291702,0.34085196650205796,0.051997457574595764,3.791137577714919e-09
ENSG00000099984.6,rs112309218,24298705,0.5584130094056812,0.06941548540864172,4.018661714475766e-12
ENSG00000099984.6,rs112029815,24298820,0.5584130094056812,0.06941548540864172,4.018661714475766e-12
ENSG00000099984.6,rs9624364,24311474,0.5584130094056812,0.06941548540864172,4.018661714475766e-12
ENSG00000099984.6,rs144177582,24311587,0.5584130094056812,0.06941548540864172,4.018661714475766e-12
ENSG00000099984.6,rs12166922,24311892,0.5584130094056812,0.06941548540864172,4.018661714475766e-12
ENSG00000099984.6,rs80020284,24312589,0.5584130094056812,0.06941548540864172,4.018661714475766e-12
ENSG00000099984.6,rs79966373,24313868,0.5584130094056812,0.06941548540864172,4.018661714475766e-12
ENSG00000099984.6,rs79213832,24313954,0.5584130094056812,0.06941548540864172,4.018661714475766e-12
ENSG00000260065.1,rs134150,26914643,0.3460145480318155,0.0544988332864463,9.51114169628016e-09
ENSG00000260065.1,rs134157,26916722,0.3691672024172008,0.05024537177442951,1.0285534265053358e-10
ENSG00000260065.1,rs134159,26917052,0.3572122547861483,0.05206130920150763,9.518441833475388e-10
ENSG00000260065.1,rs71311575,26919156,0.4192195012553743,0.044940795707893805,9.551741397314394e-15
ENSG00000260065.1,rs134163,26919613,0.35087448680822403,0.0525543771101471,2.1980677458539108e-09
ENSG00000260065.1,rs4275,26921725,0.4181369909189406,0.042175146504923676,6.047413352162055e-16
ENSG00000260065.1,rs6005067,26923325,0.41012175398893475,0.043615946415365925,6.714416206519283e-15
ENSG00000260065.1,rs2283824,26924456,0.41012175398893475,0.043615946415365925,6.714416206519283e-15
ENSG00000100325.10,rs71794606,30279312,-32.35601555010261,5.010719627939608,5.8721408862863495e-09
ENSG00000260708.1,rs5769136,47156703,-1.0002756879038215,0.15337122081237342,4.3999592874676686e-09
ENSG00000260708.1,rs5769138,47157221,-1.0002756879038215,0.15337122081237342,4.3999592874676686e-09
ENSG00000260708.1,rs2295441,47158444,-0.961380307636658,0.15556302904763003,2.0075880863285354e-08
ENSG00000100403.10,rs71695312,41351518,-7.071303163459937,1.144642947775831,2.0277199392804433e-08
ENSG00000128408.7,rs5766638,45700107,0.5230330734538666,0.08474760003315272,2.0826830204266016e-08
ENSG00000128408.7,rs5766639,45700340,0.5234348482644199,0.08385309818406002,1.5257013424832733e-08
ENSG00000128408.7,rs2742639,45700817,0.5234348482644199,0.08385309818406002,1.5257013424832733e-08
ENSG00000128408.7,rs226499,45703075,0.5270423586653578,0.08385567092433241,1.2625813068645626e-08
ENSG00000128408.7,rs226500,45703107,0.5270423586653578,0.08385567092433241,1.2625813068645626e-08
ENSG00000128408.7,rs226501,45703251,0.5270423586653578,0.08385567092433241,1.2625813068645626e-08
ENSG00000128408.7,rs226504,45705383,0.5270423586653578,0.08385567092433241,1.2625813068645626e-08
ENSG00000128408.7,rs226505,45706777,0.5393053135838121,0.0818636335062639,3.273998485392441e-09
ENSG00000128408.7,rs226506,45707520,0.5549182446452666,0.08176245998785762,1.3339202587775305e-09
ENSG00000128408.7,rs226507,45707737,0.5389664607586031,0.08166662818084534,3.1057932758159158e-09
ENSG00000128408.7,rs79055,45708623,0.606798119702501,0.07644004734000352,6.606302276651668e-12
ENSG00000128408.7,rs67085454,45710240,0.5630881210078073,0.08019256700894646,4.5860853189332465e-10
ENSG00000128408.7,rs226493,45715887,0.561672156250774,0.07936142276379851,3.5551453313357953e-10
ENSG00000128408.7,rs7286605,45718627,0.561672156250774,0.07936142276379851,3.5551453313357953e-10
ENSG00000128408.7,rs7290139,45718743,0.5612799616447733,0.0845494721205867,2.6075481965684143e-09
ENSG00000128408.7,rs4823460,45719634,0.561672156250774,0.07936142276379851,3.5551453313357953e-10
ENSG00000128408.7,rs4823461,45719817,0.561672156250774,0.07936142276379851,3.5551453313357953e-10
ENSG00000128408.7,rs1807549,45720894,0.561672156250774,0.07936142276379851,3.5551453313357953e-10
ENSG00000128408.7,rs738170,45721196,0.561672156250774,0.07936142276379851,3.5551453313357953e-10
ENSG00000128408.7,rs9615107,45723326,0.561672156250774,0.07936142276379851,3.5551453313357953e-10
ENSG00000128408.7,rs9615108,45723854,0.561672156250774,0.07936142276379851,3.5551453313357953e-10
ENSG00000128408.7,rs738176,45731182,0.561672156250774,0.07936142276379851,3.5551453313357953e-10
ENSG00000128408.7,rs11704481,45732328,0.5518384174773335,0.07783050561492276,3.3518731801382356e-10
ENSG00000128408.7,rs2009848,45734206,0.5894211456691639,0.0779872303105394,3.881980418327929e-11
ENSG00000128408.7,rs998706,45735606,0.5332319363251273,0.07713135446873684,7.517410523602852e-10
ENSG00000128408.7,rs998705,45735741,0.5456915261356784,0.07724742766905852,3.77632260804495e-10
ENSG00000128408.7,rs2064068,45736485,0.5387852345546982,0.07595614897993228,3.3044329938607737e-10
ENSG00000128408.7,rs5766662,45736871,0.5431002222713575,0.07931240263972598,1.0132445980375598e-09
ENSG00000128408.7,rs1044742,45737290,0.5387852345546982,0.07595614897993228,3.3044329938607737e-10
ENSG00000128408.7,rs10343,45737487,0.5387852345546982,0.07595614897993228,3.3044329938607737e-10
ENSG00000128408.7,rs2294201,45738094,0.5387852345546982,0.07595614897993228,3.3044329938607737e-10
ENSG00000128408.7,rs2294204,45738590,0.5431002222713575,0.07931240263972598,1.0132445980375598e-09
ENSG00000128408.7,rs9614644,45738999,0.5387852345546982,0.07595614897993228,3.3044329938607737e-10
ENSG00000128408.7,rs9614457,45739394,0.5248834173722224,0.07861822956886277,2.1985711530741218e-09
ENSG00000128408.7,rs9614645,45739599,0.5115490175149814,0.08127429475064663,1.2133150400590873e-08
ENSG00000128408.7,rs9614458,45739658,0.5206285391820062,0.08033281650273023,5.286263284906631e-09
ENSG00000128408.7,rs2179058,45739732,0.5387852345546982,0.07595614897993228,3.3044329938607737e-10
ENSG00000128408.7,rs3747238,45740096,0.5387852345546982,0.07595614897993228,3.3044329938607737e-10
ENSG00000128408.7,rs3817730,45741037,0.5387852345546982,0.07595614897993228,3.3044329938607737e-10
ENSG00000128408.7,rs5765260,45741543,0.5456915261356784,0.07724742766905852,3.77632260804495e-10
ENSG00000128408.7,rs13057793,45743214,0.5652956792192229,0.07761885557941002,1.3835066599195327e-10
ENSG00000128408.7,rs9614648,45745116,0.5158442685634047,0.08096164437406918,8.608870318811051e-09
ENSG00000128408.7,rs5765261,45746132,0.5527856529261316,0.07301467976451737,3.6553935635487964e-11
ENSG00000128408.7,rs5765270,45746426,0.5519457880353866,0.0796252415878312,6.910411857057658e-10
ENSG00000128408.7,rs5765273,45747952,0.5708041209091478,0.07321865112642484,1.2837491803870101e-11
ENSG00000128408.7,rs9614650,45748116,0.5621664438155414,0.07644162716761127,9.963022370615194e-11
ENSG00000128408.7,rs5765275,45748339,0.5708041209091478,0.07321865112642484,1.2837491803870101e-11
ENSG00000128408.7,rs5764698,45749983,0.5688020809652199,0.06986634862191059,2.5538245864204828e-12
ENSG00000128408.7,rs9614462,45751231,0.5688020809652199,0.06986634862191059,2.5538245864204828e-12
ENSG00000128408.7,rs71328696,45751876,0.5505137174808055,0.07340555558277392,5.0863239376924054e-11
ENSG00000128408.7,rs13053882,45751928,0.5505137174808055,0.07340555558277392,5.0863239376924054e-11
ENSG00000128408.7,rs5764699,45753133,0.5688020809652199,0.06986634862191059,2.5538245864204828e-12
ENSG00000128408.7,rs66693747,45753509,0.5688020809652199,0.06986634862191059,2.5538245864204828e-12
ENSG00000128408.7,rs5765280,45754156,0.5864591435889517,0.06992994294775946,8.08239958289079e-13
ENSG00000128408.7,rs5764700,45754349,0.5864591435889517,0.06992994294775946,8.08239958289079e-13
ENSG00000128408.7,rs5764701,45754517,0.5772343521725376,0.0696517255871921,1.2865092873663153e-12
ENSG00000128408.7,rs5765281,45754558,0.5864591435889517,0.06992994294775946,8.08239958289079e-13
ENSG00000128408.7,rs1012493,45755666,0.5688020809652199,0.06986634862191059,2.5538245864204828e-12
ENSG00000128408.7,rs1012494,45756020,0.5688020809652199,0.06986634862191059,2.5538245864204828e-12
ENSG00000128408.7,rs2072717,45757999,0.5688020809652199,0.06986634862191059,2.5538245864204828e-12
ENSG00000128408.7,rs719925,45758758,0.5527856529261316,0.07301467976451737,3.6553935635487964e-11
ENSG00000128408.7,rs2882537,45759213,0.5708041209091478,0.07321865112642484,1.2837491803870101e-11
ENSG00000128408.7,rs5765290,45760879,0.5570546364022306,0.07517113182825452,7.682368969844775e-11
ENSG00000128408.7,rs5765291,45760891,0.5570546364022306,0.07517113182825452,7.682368969844775e-11
ENSG00000128408.7,rs5764706,45761771,0.5570546364022306,0.07517113182825452,7.682368969844775e-11
ENSG00000128408.7,rs136565,45765077,0.5570546364022306,0.07517113182825452,7.682368969844775e-11
ENSG00000128408.7,rs136569,45767455,0.5527856529261316,0.07301467976451737,3.6553935635487964e-11
ENSG00000128408.7,rs136570,45767599,0.5527856529261316,0.07301467976451737,3.6553935635487964e-11
ENSG00000128408.7,rs136571,45767696,0.5527856529261316,0.07301467976451737,3.6553935635487964e-11
ENSG00000128408.7,rs136572,45767946,0.5527856529261316,0.07301467976451737,3.6553935635487964e-11
ENSG00000128408.7,rs136573,45768495,0.5527856529261316,0.07301467976451737,3.6553935635487964e-11
ENSG00000128408.7,rs136575,45769245,0.5527856529261316,0.07301467976451737,3.6553935635487964e-11
ENSG00000128408.7,rs136576,45769922,0.5527856529261316,0.07301467976451737,3.6553935635487964e-11
ENSG00000128408.7,rs136577,45770360,0.5527856529261316,0.07301467976451737,3.6553935635487964e-11
ENSG00000128408.7,rs136578,45770619,0.5527856529261316,0.07301467976451737,3.6553935635487964e-11
ENSG00000128408.7,rs136580,45773961,0.5527856529261316,0.07301467976451737,3.6553935635487964e-11
ENSG00000128408.7,rs136585,45779335,0.5527856529261316,0.07301467976451737,3.6553935635487964e-11
ENSG00000128408.7,rs136586,45780780,0.5527856529261316,0.07301467976451737,3.6553935635487964e-11
ENSG00000128408.7,rs136587,45780951,0.5527856529261316,0.07301467976451737,3.6553935635487964e-11
ENSG00000128408.7,rs136588,45781577,0.5527856529261316,0.07301467976451737,3.6553935635487964e-11
ENSG00000128408.7,rs136590,45782177,0.5527856529261316,0.07301467976451737,3.6553935635487964e-11
ENSG00000128408.7,rs136591,45782646,0.5527856529261316,0.07301467976451737,3.6553935635487964e-11
ENSG00000128408.7,rs136595,45784628,0.5369756663733634,0.07435845095868654,1.8361667663081063e-10
ENSG00000128408.7,rs78628431,45784798,0.49087112021866175,0.0743286962187448,3.044079851810621e-09
ENSG00000128408.7,rs136597,45784823,0.4870956548724759,0.07367729221294328,2.9478780637925503e-09
ENSG00000128408.7,rs136598,45784935,0.5527856529261316,0.07301467976451737,3.6553935635487964e-11
ENSG00000128408.7,rs9614657,45786739,0.5527856529261316,0.07301467976451737,3.6553935635487964e-11
ENSG00000128408.7,rs136607,45790025,0.5527856529261316,0.07301467976451737,3.6553935635487964e-11
ENSG00000128408.7,rs713759,45791143,0.5527856529261316,0.07301467976451737,3.6553935635487964e-11
ENSG00000128408.7,rs136609,45793935,0.5819805823398543,0.08592117851957116,1.4181900258319128e-09
ENSG00000128408.7,rs136612,45794366,0.5527856529261316,0.07301467976451737,3.6553935635487964e-11
ENSG00000128408.7,rs79154,45794925,0.5527856529261316,0.07301467976451737,3.6553935635487964e-11
ENSG00000128408.7,rs2103541,45797227,0.5527856529261316,0.07301467976451737,3.6553935635487964e-11
ENSG00000128408.7,rs5765324,45797427,0.5527856529261316,0.07301467976451737,3.6553935635487964e-11
ENSG00000128408.7,rs4429564,45797786,0.5527856529261316,0.07301467976451737,3.6553935635487964e-11
ENSG00000128408.7,rs4823292,45799276,0.5527856529261316,0.07301467976451737,3.6553935635487964e-11
ENSG00000128408.7,rs5765329,45803336,0.5527856529261316,0.07301467976451737,3.6553935635487964e-11
ENSG00000128408.7,rs5765330,45803531,0.5527856529261316,0.07301467976451737,3.6553935635487964e-11
ENSG00000128408.7,rs5765331,45803535,0.5527856529261316,0.07301467976451737,3.6553935635487964e-11
ENSG00000128408.7,rs6007024,45807534,0.5527856529261316,0.07301467976451737,3.6553935635487964e-11
ENSG00000128408.7,rs1985587,45808452,0.5527856529261316,0.07301467976451737,3.6553935635487964e-11
ENSG00000128408.7,rs77196310,45808938,0.5618312754817731,0.06885910615788896,2.348775927516919e-12
ENSG00000128408.7,rs8136881,45808985,-0.49360570819812555,0.07496874982290852,3.3287965021167097e-09
ENSG00000128408.7,rs2272804,45809624,0.5618312754817731,0.06885910615788896,2.348775927516919e-12
ENSG00000128408.7,rs9754402,45814536,0.5276883775243819,0.07843575868430835,1.744290111596924e-09
ENSG00000128408.7,rs11090630,45814646,0.5276883775243819,0.07843575868430835,1.744290111596924e-09
ENSG00000128408.7,rs5765333,45815159,0.5276883775243819,0.07843575868430835,1.744290111596924e-09
ENSG00000128408.7,rs5765334,45815226,0.5276883775243819,0.07843575868430835,1.744290111596924e-09
ENSG00000128408.7,rs5765335,45815332,0.5276883775243819,0.07843575868430835,1.744290111596924e-09
ENSG00000128408.7,rs6519852,45815763,0.5475825260506855,0.07892154191381544,6.708232654651862e-10
ENSG00000128408.7,rs6519853,45815884,0.5276883775243819,0.07843575868430835,1.744290111596924e-09
ENSG00000128408.7,rs9306477,45817169,0.517683057771021,0.07820867175587949,2.843107177590019e-09
ENSG00000128408.7,rs59042926,45817212,0.49363633107818466,0.07931028519106939,1.6530572413226952e-08
ENSG00000128408.7,rs62226842,45817463,0.4851702695743345,0.07907350223432806,2.4392195725013232e-08
ENSG00000128408.7,rs76623089,45817800,0.5042077785082407,0.07937555908040805,9.378943364947352e-09
ENSG00000128408.7,rs5765341,45817801,0.5042077785082407,0.07937555908040805,9.378943364947352e-09
ENSG00000128408.7,rs202172073,45817801,0.5042077785082407,0.07937555908040805,9.378943364947352e-09
ENSG00000128408.7,rs2882539,45818758,0.5276883775243819,0.07843575868430835,1.744290111596924e-09
ENSG00000128408.7,rs11343604,45820268,0.5276883775243819,0.07843575868430835,1.744290111596924e-09
ENSG00000128408.7,rs80002576,45820761,0.5276883775243819,0.07843575868430835,1.744290111596924e-09
ENSG00000128408.7,rs1977045,45820995,0.5276883775243819,0.07843575868430835,1.744290111596924e-09
ENSG00000128408.7,rs1022477,45821887,0.5276883775243819,0.07843575868430835,1.744290111596924e-09
ENSG00000128408.7,rs5765345,45822161,0.5276883775243819,0.07843575868430835,1.744290111596924e-09
ENSG00000128408.7,rs1022480,45822555,0.5276883775243819,0.07843575868430835,1.744290111596924e-09
ENSG00000128408.7,rs34859908,45822686,0.5276883775243819,0.07843575868430835,1.744290111596924e-09
ENSG00000128408.7,rs5764725,45823327,0.5276883775243819,0.07843575868430835,1.744290111596924e-09
ENSG00000128408.7,rs717295,45825621,0.5276883775243819,0.07843575868430835,1.744290111596924e-09
ENSG00000128408.7,rs717294,45825661,0.5276883775243819,0.07843575868430835,1.744290111596924e-09
ENSG00000128408.7,rs2072769,45826507,0.5194000218317844,0.08011587291534994,5.234194144918747e-09
ENSG00000128408.7,rs2072770,45826880,0.5276883775243819,0.07843575868430835,1.744290111596924e-09
ENSG00000128408.7,rs5765352,45827020,0.5276883775243819,0.07843575868430835,1.744290111596924e-09
ENSG00000128408.7,rs5764729,45827311,0.5276883775243819,0.07843575868430835,1.744290111596924e-09
ENSG00000128408.7,rs9614665,45827506,0.5276883775243819,0.07843575868430835,1.744290111596924e-09
ENSG00000128408.7,rs2281013,45827891,0.5276883775243819,0.07843575868430835,1.744290111596924e-09
ENSG00000128408.7,rs5765356,45828033,0.5276883775243819,0.07843575868430835,1.744290111596924e-09
ENSG00000128408.7,rs738227,45828594,0.5276883775243819,0.07843575868430835,1.744290111596924e-09
ENSG00000128408.7,rs738229,45828860,0.5276883775243819,0.07843575868430835,1.744290111596924e-09
ENSG00000128408.7,rs2005959,45828993,0.5276883775243819,0.07843575868430835,1.744290111596924e-09
ENSG00000128408.7,rs2005960,45829087,0.5276883775243819,0.07843575868430835,1.744290111596924e-09
ENSG00000128408.7,rs3071822,45829125,0.5276883775243819,0.07843575868430835,1.744290111596924e-09
ENSG00000128408.7,rs5765359,45829883,0.5276883775243819,0.07843575868430835,1.744290111596924e-09
ENSG00000128408.7,rs9614468,45830097,0.5199030479521661,0.07817027589517528,2.465708632844602e-09
ENSG00000128408.7,rs6007030,45830359,0.5276883775243819,0.07843575868430835,1.744290111596924e-09
ENSG00000128408.7,rs9614668,45830739,0.5276883775243819,0.07843575868430835,1.744290111596924e-09
ENSG00000128408.7,rs6007031,45830747,0.5276883775243819,0.07843575868430835,1.744290111596924e-09
ENSG00000128408.7,rs34964414,45833653,0.5150405073316783,0.07750592401112842,2.5301297689774296e-09
ENSG00000128408.7,rs6007040,45834279,0.5150405073316783,0.07750592401112842,2.5301297689774296e-09
ENSG00000128408.7,rs5765363,45835230,0.5150405073316783,0.07750592401112842,2.5301297689774296e-09
ENSG00000128408.7,rs5765365,45836877,0.5026168565919593,0.07746969388631803,5.122969065357558e-09
ENSG00000128408.7,rs5765371,45838887,0.5070834776300842,0.07913229377698779,7.31591430744722e-09
ENSG00000241484.5,rs2858951,44833200,1.236586557495059,0.1864029768903333,2.661339497575622e-09
ENSG00000241484.5,rs200742878,45019274,1.1981759206360827,0.18926442153182843,1.0317027356753697e-08
ENSG00000241484.5,rs201711404,45019278,1.1981759206360827,0.18926442153182843,1.0317027356753697e-08
ENSG00000241484.5,rs9614901,45148227,1.2588582681341225,0.1846814669046033,1.1674591665851468e-09
ENSG00000241484.5,rs116351086,45174297,2.582297565207265,0.1637348668327849,3.0396389846556478e-27
ENSG00000100321.10,rs742402,39659487,-2.4368850893400835,0.38456665181769695,1.004578270703013e-08
ENSG00000100321.10,rs34698021,39663150,2.775984232566484,0.39428867423090014,4.208844835836214e-10
ENSG00000100321.10,rs5757585,39663185,2.775984232566484,0.39428867423090014,4.208844835836214e-10
ENSG00000100321.10,rs5757587,39663513,2.6319594197508125,0.41955041925453457,1.3303974698854039e-08
ENSG00000100321.10,rs5750784,39664180,2.775984232566484,0.39428867423090014,4.208844835836214e-10
ENSG00000100321.10,rs1569495,39665142,2.775984232566484,0.39428867423090014,4.208844835836214e-10
ENSG00000100321.10,rs1569496,39665201,-2.452684764324427,0.3893041635302732,1.1811398190488053e-08
ENSG00000100321.10,rs1569497,39665395,-2.452684764324427,0.3893041635302732,1.1811398190488053e-08
ENSG00000100321.10,rs5757589,39668353,-2.4301179398261943,0.3906226621241862,1.6748938768604906e-08
ENSG00000100321.10,rs5757590,39668409,2.775984232566484,0.39428867423090014,4.208844835836214e-10
ENSG00000100321.10,rs5757592,39668811,-2.4301179398261943,0.3906226621241862,1.6748938768604906e-08
ENSG00000100321.10,rs5757596,39668961,-2.4931686527496613,0.38296725358977846,4.638379330537587e-09
ENSG00000100321.10,rs5757599,39670181,-2.670248919258017,0.35458577686072545,4.405886986127032e-11
ENSG00000100321.10,rs968451,39670851,2.775984232566484,0.39428867423090014,4.208844835836214e-10
ENSG00000100321.10,rs5750785,39671141,2.803692904389315,0.4065622445862393,8.129124242425694e-10
ENSG00000100321.10,rs5757600,39671459,-2.439657286717607,0.3951872303660732,2.066580256971416e-08
ENSG00000100321.10,rs5757601,39671534,2.6319594197508125,0.41955041925453457,1.3303974698854039e-08
ENSG00000100321.10,rs1007117,39675770,2.819159972995195,0.36399875889000377,1.6274118307750445e-11
ENSG00000100321.10,rs1003643,39676494,2.819159972995195,0.36399875889000377,1.6274118307750445e-11
ENSG00000100321.10,rs1003644,39676744,2.819159972995195,0.36399875889000377,1.6274118307750445e-11
ENSG00000100321.10,rs5757603,39677128,2.819159972995195,0.36399875889000377,1.6274118307750445e-11
ENSG00000100321.10,rs1985378,39678312,-2.48557430900685,0.40071922120402903,1.8160339829013976e-08
ENSG00000100321.10,rs17000962,39680187,2.8701586777894357,0.38514358582880687,6.335416261208442e-11
ENSG00000100321.10,rs11089939,39680957,2.819159972995195,0.36399875889000377,1.6274118307750445e-11
ENSG00000100321.10,rs126228,39681436,-2.6654354812524867,0.3575428518128735,6.257012622648728e-11
ENSG00000100321.10,rs137585,39683444,-2.6654354812524867,0.3575428518128735,6.257012622648728e-11
ENSG00000100321.10,rs1569500,39683515,2.819159972995195,0.36399875889000377,1.6274118307750445e-11
ENSG00000100321.10,rs1569501,39683534,2.819159972995195,0.36399875889000377,1.6274118307750445e-11
ENSG00000100321.10,rs137590,39685077,-2.415100320087889,0.39413531461962226,2.527418138786809e-08
ENSG00000100321.10,rs137591,39685450,-2.6654354812524867,0.3575428518128735,6.257012622648728e-11
ENSG00000100321.10,rs137593,39690021,-2.6654354812524867,0.3575428518128735,6.257012622648728e-11
ENSG00000100321.10,rs137602,39693408,2.72768194969845,0.36158457858456944,4.146763557966237e-11
ENSG00000100321.10,rs12628705,39693518,3.0025301457894487,0.37472182454273745,4.663738750686008e-12
ENSG00000100321.10,rs137603,39694225,-2.6654354812524867,0.3575428518128735,6.257012622648728e-11
ENSG00000100321.10,rs137604,39694594,-2.6006829960608755,0.3559822634676616,1.246227275074039e-10
ENSG00000100321.10,rs137606,39695181,-2.6006829960608755,0.3559822634676616,1.246227275074039e-10
ENSG00000100321.10,rs137607,39695505,-2.6006829960608755,0.3559822634676616,1.246227275074039e-10
ENSG00000100321.10,rs11704615,39696834,3.0025301457894487,0.37472182454273745,4.663738750686008e-12
ENSG00000100321.10,rs57078777,39697458,3.0025301457894487,0.37472182454273745,4.663738750686008e-12
ENSG00000100321.10,rs137612,39698010,-2.6006829960608755,0.3559822634676616,1.246227275074039e-10
ENSG00000100321.10,rs11703434,39698915,3.0025301457894487,0.37472182454273745,4.663738750686008e-12
ENSG00000100321.10,rs137615,39699788,-2.6006829960608755,0.3559822634676616,1.246227275074039e-10
ENSG00000100321.10,rs11704385,39700994,3.0025301457894487,0.37472182454273745,4.663738750686008e-12
ENSG00000100321.10,rs62228376,39701097,3.0025301457894487,0.37472182454273745,4.663738750686008e-12
ENSG00000100321.10,rs75712317,39701165,3.0025301457894487,0.37472182454273745,4.663738750686008e-12
ENSG00000100321.10,rs62228377,39701703,2.8563707773364864,0.4587003886693588,1.6314729371033204e-08
ENSG00000100321.10,rs62228378,39701795,2.719596654761595,0.41076315198258884,2.822915781894375e-09
ENSG00000100321.10,rs971964,39702473,3.0025301457894487,0.37472182454273745,4.663738750686008e-12
ENSG00000100321.10,rs137616,39703883,-2.6006829960608755,0.3559822634676616,1.246227275074039e-10
ENSG00000100321.10,rs137617,39704164,-2.5920964334766246,0.3628033067076586,2.6126743183534095e-10
ENSG00000100321.10,.,39707222,3.0694826731584546,0.39992403451008735,2.2520387213352848e-11
ENSG00000100321.10,rs77442041,39707223,3.0694826731584546,0.39992403451008735,2.2520387213352848e-11
ENSG00000100321.10,rs5757609,39707845,3.020773613642028,0.35761716563016077,6.079532366201074e-13
ENSG00000100321.10,rs5757610,39707979,3.020773613642028,0.35761716563016077,6.079532366201074e-13
ENSG00000100321.10,rs470079,39708333,-2.6006829960608755,0.3559822634676616,1.246227275074039e-10
ENSG00000100321.10,rs5757611,39708357,3.020773613642028,0.35761716563016077,6.079532366201074e-13
ENSG00000100321.10,rs2014842,39709009,3.0025301457894487,0.37472182454273745,4.663738750686008e-12
ENSG00000100321.10,rs2076125,39711351,3.020773613642028,0.35761716563016077,6.079532366201074e-13
ENSG00000100321.10,rs2007418,39712394,3.020773613642028,0.35761716563016077,6.079532366201074e-13
ENSG00000100321.10,rs1569498,39714704,2.9473349930560797,0.3540577028724011,1.0812481745683606e-12
ENSG00000100321.10,rs12628367,39717104,3.020773613642028,0.35761716563016077,6.079532366201074e-13
ENSG00000100321.10,rs5757614,39717554,3.020773613642028,0.35761716563016077,6.079532366201074e-13
ENSG00000100321.10,rs12627970,39721745,3.020773613642028,0.35761716563016077,6.079532366201074e-13
ENSG00000100321.10,rs12627761,39724137,3.020773613642028,0.35761716563016077,6.079532366201074e-13
ENSG00000100321.10,rs5757618,39724551,3.020773613642028,0.35761716563016077,6.079532366201074e-13
ENSG00000100321.10,rs5757619,39724558,3.020773613642028,0.35761716563016077,6.079532366201074e-13
ENSG00000100321.10,rs66578187,39724812,3.0025301457894487,0.37472182454273745,4.663738750686008e-12
ENSG00000100321.10,rs5750789,39725280,3.0025301457894487,0.37472182454273745,4.663738750686008e-12
ENSG00000100321.10,rs77724597,39727769,2.9212231852036354,0.37045495842834647,8.451014469635014e-12
ENSG00000100321.10,rs5757622,39728861,3.0025301457894487,0.37472182454273745,4.663738750686008e-12
ENSG00000100321.10,rs28591484,39729249,3.0025301457894487,0.37472182454273745,4.663738750686008e-12
ENSG00000100321.10,rs62228404,39730795,3.0025301457894487,0.37472182454273745,4.663738750686008e-12
ENSG00000100321.10,rs62228405,39730907,2.97943838128685,0.36011744137357876,1.3733944776743143e-12
ENSG00000100321.10,rs12163078,39731680,3.0025301457894487,0.37472182454273745,4.663738750686008e-12
ENSG00000100321.10,rs12627838,39733521,3.0025301457894487,0.37472182454273745,4.663738750686008e-12
ENSG00000100321.10,rs11089950,39735468,2.8027228646886937,0.3992710729145895,4.630296175436988e-10
ENSG00000100321.10,rs5757624,39737350,3.0025301457894487,0.37472182454273745,4.663738750686008e-12
ENSG00000100321.10,rs5757625,39738243,2.8637526702982705,0.4017217721686172,2.8107169571775966e-10
ENSG00000100321.10,rs9611155,39739187,-3.3364398760790848,0.329541911798237,2.253736974341078e-16
ENSG00000100321.10,rs74804869,39741840,3.0329314119914126,0.3620667624292601,8.457910235574397e-13
ENSG00000100321.10,rs3747177,39746168,3.0329314119914126,0.3620667624292601,8.457910235574397e-13
ENSG00000100321.10,rs2267407,39747050,2.896251520816566,0.36095389494035646,4.425808349400249e-12
ENSG00000100321.10,rs909685,39747671,3.426771180343144,0.3225944016007871,2.1924000865115406e-17
ENSG00000100321.10,rs2069235,39747780,3.426771180343144,0.3225944016007871,2.1924000865115406e-17
ENSG00000100321.10,rs1807560,39748912,3.0329314119914126,0.3620667624292601,8.457910235574397e-13
ENSG00000100321.10,rs5757628,39749981,3.0329314119914126,0.3620667624292601,8.457910235574397e-13
ENSG00000100321.10,rs715505,39751251,2.7097410733163683,0.38433816952227395,4.022222476323239e-10
ENSG00000100321.10,rs61616683,39755773,3.0329314119914126,0.3620667624292601,8.457910235574397e-13
ENSG00000100321.10,rs2049985,39756650,3.0329314119914126,0.3620667624292601,8.457910235574397e-13
ENSG00000100321.10,rs715503,39758253,2.566042570856276,0.3490839601692273,1.0120714049077353e-10
ENSG00000100321.10,rs5757653,39794071,2.5192726991463146,0.3854738808296948,4.140057450176273e-09
ENSG00000100321.10,rs3830119,39796097,2.4789090353576757,0.40135719164621225,2.0404311359086732e-08
ENSG00000100321.10,rs5757666,39821713,2.3585081102194003,0.3741890893475173,1.1665390269119664e-08
ENSG00000100321.10,rs5750824,39830123,2.3346990931616625,0.37590138318211563,1.751958135375258e-08
ENSG00000100422.9,rs6008832,46846320,-10.367005259456068,1.6541353006470507,1.3659159232530862e-08
ENSG00000100422.9,rs11914038,46858809,-10.367005259456068,1.6541353006470507,1.3659159232530862e-08
ENSG00000248405.5,rs117341949,44805444,0.713044205965236,0.11264209501111046,1.0340980224870234e-08
ENSG00000248405.5,rs57724432,44806537,0.713044205965236,0.11264209501111046,1.0340980224870234e-08
ENSG00000100376.7,rs7287869,45697923,11.263682955474248,1.5561301920978328,1.6995328084248084e-10
ENSG00000100376.7,rs738169,45701732,13.272278532800742,0.9594352165030416,1.0928327866674177e-23
ENSG00000100376.7,rs226502,45703444,13.272278532800742,0.9594352165030416,1.0928327866674177e-23
ENSG00000100376.7,rs226503,45705241,13.272278532800742,0.9594352165030416,1.0928327866674177e-23
ENSG00000100376.7,rs104664,45711854,13.499042180544214,0.8974289552308422,6.266291306466641e-26
ENSG00000100376.7,rs170505,45713020,12.629334582620837,1.159242782035463,6.1828528977733745e-18
ENSG00000100376.7,rs226490,45713764,12.629334582620837,1.159242782035463,6.1828528977733745e-18
ENSG00000100376.7,rs226492,45714489,12.629334582620837,1.159242782035463,6.1828528977733745e-18
ENSG00000100376.7,rs2142552,45719497,13.499042180544214,0.8974289552308422,6.266291306466641e-26
ENSG00000100376.7,rs738171,45721284,12.629334582620837,1.159242782035463,6.1828528977733745e-18
ENSG00000100376.7,rs9614637,45722047,12.629334582620837,1.159242782035463,6.1828528977733745e-18
ENSG00000100376.7,rs10528596,45722753,12.96089658992415,1.4705898818135699,1.0825903947373301e-13
ENSG00000100376.7,rs6006986,45723253,12.629334582620837,1.159242782035463,6.1828528977733745e-18
ENSG00000100376.7,rs5766654,45723465,12.629334582620837,1.159242782035463,6.1828528977733745e-18
ENSG00000100376.7,rs6007589,45723526,12.629334582620837,1.159242782035463,6.1828528977733745e-18
ENSG00000100376.7,rs6007590,45723584,12.629334582620837,1.159242782035463,6.1828528977733745e-18
ENSG00000100376.7,rs7285172,45726345,13.499042180544214,0.8974289552308422,6.266291306466641e-26
ENSG00000100376.7,rs6007595,45728978,13.499042180544214,0.8974289552308422,6.266291306466641e-26
ENSG00000100376.7,rs2350629,45731050,13.57950910868474,1.1878820670753236,5.154682675545379e-19
ENSG00000100376.7,rs738177,45731539,13.499042180544214,0.8974289552308422,6.266291306466641e-26
ENSG00000100376.7,rs2205659,45731730,7.645511544330838,0.9952748032697668,2.1835070636836918e-11
ENSG00000100376.7,rs2205660,45731731,7.645511544330838,0.9952748032697668,2.1835070636836918e-11
ENSG00000100376.7,rs3827393,45736153,13.499042180544214,0.8974289552308422,6.266291306466641e-26
ENSG00000100376.7,rs2350630,45736767,13.499042180544214,0.8974289552308422,6.266291306466641e-26
ENSG00000100376.7,rs6007602,45739322,13.499042180544214,0.8974289552308422,6.266291306466641e-26
ENSG00000100376.7,rs3747240,45740224,13.499042180544214,0.8974289552308422,6.266291306466641e-26
ENSG00000100376.7,rs9614647,45741718,13.499042180544214,0.8974289552308422,6.266291306466641e-26
ENSG00000100376.7,rs6006992,45742760,13.499042180544214,0.8974289552308422,6.266291306466641e-26
ENSG00000100376.7,rs35048184,45743085,7.4365931528995795,1.1816754609736013,1.2178567403161308e-08
ENSG00000100376.7,rs6519844,45744423,13.499042180544214,0.8974289552308422,6.266291306466641e-26
ENSG00000100376.7,rs6006993,45744546,13.499042180544214,0.8974289552308422,6.266291306466641e-26
ENSG00000100376.7,rs8136319,45744854,9.925247484623855,1.0797750700294684,1.8164555924470148e-14
ENSG00000100376.7,rs61634928,45745336,5.5793456452944135,0.7986189618236234,5.391803700611655e-10
ENSG00000100376.7,rs4823217,45745437,5.042855781796473,0.8266487975054638,2.8478384402191495e-08
ENSG00000100376.7,rs5765271,45746826,13.499042180544214,0.8974289552308422,6.266291306466641e-26
ENSG00000100376.7,rs5765272,45747901,13.499042180544214,0.8974289552308422,6.266291306466641e-26
ENSG00000100376.7,rs5765276,45748862,13.499042180544214,0.8974289552308422,6.266291306466641e-26
ENSG00000100376.7,rs1569413,45756081,13.499042180544214,0.8974289552308422,6.266291306466641e-26
ENSG00000100376.7,rs5764704,45757987,13.499042180544214,0.8974289552308422,6.266291306466641e-26
ENSG00000100376.7,rs112616173,45759591,12.608900144817445,0.9802334081825098,7.830584607378068e-22
ENSG00000100376.7,rs136564,45764874,13.499042180544214,0.8974289552308422,6.266291306466641e-26
ENSG00000100376.7,rs136567,45766485,13.499042180544214,0.8974289552308422,6.266291306466641e-26
ENSG00000100376.7,rs136568,45766689,13.499042180544214,0.8974289552308422,6.266291306466641e-26
ENSG00000100376.7,rs470062,45767369,13.499042180544214,0.8974289552308422,6.266291306466641e-26
ENSG00000100376.7,rs136579,45771091,13.499042180544214,0.8974289552308422,6.266291306466641e-26
ENSG00000100376.7,rs5765304,45771974,13.499042180544214,0.8974289552308422,6.266291306466641e-26
ENSG00000100376.7,rs77842489,45772596,12.97286888902276,0.9614510880727898,4.8306446058846986e-23
ENSG00000100376.7,rs136581,45774434,13.499042180544214,0.8974289552308422,6.266291306466641e-26
ENSG00000100376.7,rs136582,45774531,13.499042180544214,0.8974289552308422,6.266291306466641e-26
ENSG00000100376.7,rs136584,45776213,13.499042180544214,0.8974289552308422,6.266291306466641e-26
ENSG00000100376.7,rs57914242,45778523,13.499042180544214,0.8974289552308422,6.266291306466641e-26
ENSG00000100376.7,rs136589,45782142,13.499042180544214,0.8974289552308422,6.266291306466641e-26
ENSG00000100376.7,rs136592,45783722,13.499042180544214,0.8974289552308422,6.266291306466641e-26
ENSG00000100376.7,rs136594,45783949,13.499042180544214,0.8974289552308422,6.266291306466641e-26
ENSG00000100376.7,rs5764719,45785847,13.499042180544214,0.8974289552308422,6.266291306466641e-26
ENSG00000100376.7,rs136599,45786514,13.499042180544214,0.8974289552308422,6.266291306466641e-26
ENSG00000100376.7,rs136601,45788098,13.499042180544214,0.8974289552308422,6.266291306466641e-26
ENSG00000100376.7,rs136604,45789743,13.482540054031237,0.925124269127832,4.528835625910983e-25
ENSG00000100376.7,rs72560906,45789845,13.482540054031237,0.925124269127832,4.528835625910983e-25
ENSG00000100376.7,rs136606,45789974,13.482540054031237,0.925124269127832,4.528835625910983e-25
ENSG00000100376.7,rs136608,45793131,13.499042180544214,0.8974289552308422,6.266291306466641e-26
ENSG00000100376.7,rs136610,45794212,13.499042180544214,0.8974289552308422,6.266291306466641e-26
ENSG00000100376.7,rs136611,45794283,13.499042180544214,0.8974289552308422,6.266291306466641e-26
ENSG00000100376.7,rs4605479,45797954,13.57950910868474,1.1878820670753236,5.154682675545379e-19
ENSG00000100376.7,rs5765327,45800926,13.499042180544214,0.8974289552308422,6.266291306466641e-26
ENSG00000100376.7,rs62231146,45807538,13.499042180544214,0.8974289552308422,6.266291306466641e-26
ENSG00000100376.7,rs12106522,45808036,13.499042180544214,0.8974289552308422,6.266291306466641e-26
ENSG00000100376.7,rs5764723,45813445,13.615138656940559,1.350994344538205,2.8047915990050445e-16
ENSG00000100376.7,rs62226841,45817454,11.892175162896416,1.4855581499857191,4.830305015929117e-12
ENSG00000100376.7,rs57537499,45819147,13.615138656940559,1.350994344538205,2.8047915990050445e-16
ENSG00000100376.7,rs1022476,45821715,13.615138656940559,1.350994344538205,2.8047915990050445e-16
ENSG00000100376.7,rs1022479,45822347,13.615138656940559,1.350994344538205,2.8047915990050445e-16
ENSG00000100376.7,rs5765354,45827679,13.615138656940559,1.350994344538205,2.8047915990050445e-16
ENSG00000100376.7,rs56144733,45832873,13.615138656940559,1.350994344538205,2.8047915990050445e-16
ENSG00000172404.4,rs72574061,41080566,0.12191102394712366,0.012989539570583455,7.298717879979141e-15
ENSG00000172404.4,rs133075,41081164,0.12319453025977854,0.013297150295889392,1.2887871236811916e-14
ENSG00000172404.4,rs133076,41081561,0.12557245667993985,0.012812641959591801,1.0318912445120233e-15
ENSG00000172404.4,rs133078,41086497,0.12557245667993985,0.012812641959591801,1.0318912445120233e-15
ENSG00000172404.4,rs133079,41087095,0.12557245667993985,0.012812641959591801,1.0318912445120233e-15
ENSG00000172404.4,rs133082,41090554,0.12557245667993985,0.012812641959591801,1.0318912445120233e-15
ENSG00000172404.4,rs133084,41095958,0.12557245667993985,0.012812641959591801,1.0318912445120233e-15
ENSG00000172404.4,rs13058356,41098206,0.12557245667993985,0.012812641959591801,1.0318912445120233e-15
ENSG00000172404.4,rs4821971,41101907,0.12557245667993985,0.012812641959591801,1.0318912445120233e-15
ENSG00000172404.4,rs12168697,41107688,0.12953077163160484,0.012618667005142485,1.1661828255282535e-16
ENSG00000172404.4,rs998483,41108102,0.12953077163160484,0.012618667005142485,1.1661828255282535e-16
ENSG00000172404.4,rs738660,41110024,0.12953077163160484,0.012618667005142485,1.1661828255282535e-16
ENSG00000172404.4,rs4440057,41116466,0.12953077163160484,0.012618667005142485,1.1661828255282535e-16
ENSG00000172404.4,rs7292907,41119316,0.12953077163160484,0.012618667005142485,1.1661828255282535e-16
ENSG00000172404.4,rs6519227,41119899,0.12953077163160484,0.012618667005142485,1.1661828255282535e-16
ENSG00000172404.4,rs11704680,41125392,0.12434483034241159,0.013657211880695977,2.741214131510386e-14
ENSG00000172404.4,rs1807606,41126128,0.12953077163160484,0.012618667005142485,1.1661828255282535e-16
ENSG00000172404.4,rs35860575,41127062,0.12709833417158636,0.013362686617519198,4.028085323236737e-15
ENSG00000172404.4,rs11703894,41145630,0.12898458661137585,0.011975644425505838,1.0999580389128865e-17
ENSG00000172404.4,rs7290246,41147033,0.12722697215417336,0.01194726863931908,1.937506252883125e-17
ENSG00000172404.4,rs5758064,41153879,0.13632625045801203,0.011575300275754576,1.0559188874446256e-19
ENSG00000172404.4,rs5758065,41161049,0.13860270404897954,0.011574604278867605,4.29119307374584e-20
ENSG00000172404.4,rs138295,41181820,-0.08959525332646727,0.014663504196475094,2.7290626561096782e-08
ENSG00000172404.4,rs6002139,41191057,-0.09495747531766362,0.014981021420366294,9.965254481804134e-09
ENSG00000172404.4,rs138303,41191938,-0.09541714621118721,0.014526716950053573,3.572815393701473e-09
ENSG00000172404.4,rs138304,41192603,-0.09495747531766362,0.014981021420366294,9.965254481804134e-09
ENSG00000172404.4,rs138305,41193574,-0.09495747531766362,0.014981021420366294,9.965254481804134e-09
ENSG00000172404.4,rs138306,41194909,-0.09495747531766362,0.014981021420366294,9.965254481804134e-09
ENSG00000172404.4,rs713910,41196068,-0.09495747531766362,0.014981021420366294,9.965254481804134e-09
ENSG00000172404.4,rs118026,41197433,-0.09495747531766362,0.014981021420366294,9.965254481804134e-09
ENSG00000172404.4,rs138309,41198988,-0.09495747531766362,0.014981021420366294,9.965254481804134e-09
ENSG00000172404.4,rs138310,41199407,-0.09495747531766362,0.014981021420366294,9.965254481804134e-09
ENSG00000172404.4,rs138311,41200200,-0.09495747531766362,0.014981021420366294,9.965254481804134e-09
ENSG00000172404.4,rs138312,41202136,0.13860270404897954,0.011574604278867605,4.29119307374584e-20
ENSG00000172404.4,rs10692247,41204085,-0.09495747531766362,0.014981021420366294,9.965254481804134e-09
ENSG00000172404.4,rs7287625,41208017,0.13860270404897954,0.011574604278867605,4.29119307374584e-20
ENSG00000172404.4,rs138318,41208362,-0.09495747531766362,0.014981021420366294,9.965254481804134e-09
ENSG00000172404.4,rs138319,41208403,-0.09495747531766362,0.014981021420366294,9.965254481804134e-09
ENSG00000172404.4,rs138320,41209156,-0.09495747531766362,0.014981021420366294,9.965254481804134e-09
ENSG00000172404.4,rs138321,41209304,0.13860270404897954,0.011574604278867605,4.29119307374584e-20
ENSG00000172404.4,rs138323,41210063,-0.09495747531766362,0.014981021420366294,9.965254481804134e-09
ENSG00000172404.4,rs138324,41210549,0.13297035858992495,0.011865740983293023,1.4581133593704687e-18
ENSG00000172404.4,rs138325,41210656,-0.09495747531766362,0.014981021420366294,9.965254481804134e-09
ENSG00000172404.4,rs7291189,41210831,0.1116729856451168,0.014222010924880677,9.875743014945212e-12
ENSG00000172404.4,rs138326,41211229,-0.09495747531766362,0.014981021420366294,9.965254481804134e-09
ENSG00000172404.4,rs138328,41213267,0.12160500269581415,0.011927186259594675,1.6143985159586321e-16
ENSG00000172404.4,rs138333,41217058,0.13573195132995552,0.010859653820772364,4.005245225491556e-21
ENSG00000172404.4,rs7289990,41217786,0.097456437635847,0.013331857161961874,1.2212748619114198e-10
ENSG00000172404.4,rs11703643,41224393,0.1263194916003686,0.012442384984921992,1.977488357103272e-16
ENSG00000172404.4,rs138335,41227086,-0.09425176109832029,0.015384601420336964,2.540999801084675e-08
ENSG00000172404.4,rs138337,41231053,0.13573195132995552,0.010859653820772364,4.005245225491556e-21
ENSG00000172404.4,rs138342,41241945,0.1399268481311055,0.010691844352639509,2.8913631262643637e-22
ENSG00000172404.4,rs138344,41244398,0.140016223247544,0.010624628363210632,1.9306419451441824e-22
ENSG00000172404.4,rs138346,41247938,-0.09425176109832029,0.015384601420336964,2.540999801084675e-08
ENSG00000172404.4,rs138347,41248031,-0.09425176109832029,0.015384601420336964,2.540999801084675e-08
ENSG00000172404.4,rs138349,41249522,-0.09425176109832029,0.015384601420336964,2.540999801084675e-08
ENSG00000172404.4,rs103197,41256802,-0.1344570978842781,0.010674889680412983,2.5913439395428152e-21
ENSG00000172404.4,rs138352,41268925,-0.09425176109832029,0.015384601420336964,2.540999801084675e-08
ENSG00000172404.4,rs138354,41272143,-0.140016223247544,0.010624628363210632,1.9306419451441824e-22
ENSG00000172404.4,rs4821976,41283984,0.140016223247544,0.010624628363210632,1.9306419451441824e-22
ENSG00000172404.4,rs1005402,41291730,0.13471723244035072,0.010701942405219293,2.6804531605772915e-21
ENSG00000172404.4,rs201660929,41295839,-0.12679530125039562,0.012494516554530688,2.0175660723921668e-16
ENSG00000172404.4,rs202073812,41295840,-0.13004122102832075,0.01204123913119969,9.607567910980526e-18
ENSG00000172404.4,rs200119212,41297098,-0.11947484583250037,0.011502624667568153,6.59575687032589e-17
ENSG00000172404.4,rs9611433,41297101,-0.13429970030761812,0.011802105866963859,6.561294968473834e-19
ENSG00000172404.4,rs5758123,41297305,-0.13351437269036173,0.011203553454765192,5.578083488884984e-20
ENSG00000172404.4,rs67745003,41298875,0.140016223247544,0.010624628363210632,1.9306419451441824e-22
ENSG00000172404.4,rs5995963,41302973,0.13471723244035072,0.010701942405219293,2.6804531605772915e-21
ENSG00000172404.4,rs9611435,41315083,0.13471723244035072,0.010701942405219293,2.6804531605772915e-21
ENSG00000172404.4,rs5758131,41315594,-0.13471723244035072,0.010701942405219293,2.6804531605772915e-21
ENSG00000172404.4,rs2143610,41317083,-0.140016223247544,0.010624628363210632,1.9306419451441824e-22
ENSG00000172404.4,rs2899341,41325068,0.1374247940274694,0.010612116071961082,5.323653389326374e-22
ENSG00000172404.4,rs9611440,41336658,-0.1306944941813929,0.011199135242208023,1.7252778392830402e-19
ENSG00000172404.4,rs9611441,41339367,-0.13151362746313505,0.010749480577373021,1.3201445184092798e-20
ENSG00000172404.4,rs113921773,41344279,0.12808319948759705,0.010888645704946359,1.1274390643209167e-19
ENSG00000172404.4,rs146192638,41353349,-0.11256143528971652,0.01572117905168377,2.4364142509870337e-10
ENSG00000172404.4,rs111298861,41353455,-0.13669718735651834,0.011481365523837035,5.8686802925812e-20
ENSG00000172404.4,rs56080538,41354887,-0.13337972171116427,0.011921420637222834,1.584622772812454e-18
ENSG00000172404.4,rs17347451,41369108,-0.13276114359004135,0.010602853596253181,3.619319552942457e-21
ENSG00000172404.4,rs9611447,41372696,-0.13210800692595936,0.010758003200938806,1.0742745600155951e-20
ENSG00000172404.4,rs5758150,41376734,0.1282599060788377,0.011221644531555192,5.202570452753553e-19
ENSG00000172404.4,rs5758152,41382163,-0.11857751674586582,0.014367063324244252,1.5092276585702676e-12
ENSG00000172404.4,rs5751020,41394128,-0.11470937713992932,0.01367399532638299,7.988371122624983e-13
ENSG00000172404.4,rs5758168,41399434,0.12094442394276533,0.012126211389949132,4.572261878404766e-16
ENSG00000172404.4,rs5758169,41399620,0.12094442394276533,0.012126211389949132,4.572261878404766e-16
ENSG00000172404.4,rs1884249,41401029,0.12094442394276533,0.012126211389949132,4.572261878404766e-16
ENSG00000172404.4,rs5758171,41401150,-0.12466087982876238,0.01219569093537116,1.428489453682861e-16
ENSG00000172404.4,rs5758172,41401228,0.12094442394276533,0.012126211389949132,4.572261878404766e-16
ENSG00000172404.4,rs9611452,41401548,0.12094442394276533,0.012126211389949132,4.572261878404766e-16
ENSG00000172404.4,rs9611453,41401848,-0.12094442394276533,0.012126211389949132,4.572261878404766e-16
ENSG00000172404.4,rs113144485,41401882,0.11409644741052599,0.012425446125763377,1.8994667885651313e-14
ENSG00000172404.4,rs2413632,41402277,0.10641940891502494,0.015825096041426113,1.7674989283037817e-09
ENSG00000172404.4,rs12485045,41402321,0.11824562770588426,0.016565746822521387,2.6938623606617456e-10
ENSG00000172404.4,rs5995983,41402977,-0.12094442394276533,0.012126211389949132,4.572261878404766e-16
ENSG00000172404.4,rs5758174,41403503,0.11840329034962462,0.012291882979688999,2.275755277452559e-15
ENSG00000172404.4,rs5758175,41403698,0.12094442394276533,0.012126211389949132,4.572261878404766e-16
ENSG00000172404.4,rs5758176,41403793,0.12094442394276533,0.012126211389949132,4.572261878404766e-16
ENSG00000172404.4,rs5758177,41403844,0.11840329034962462,0.012291882979688999,2.275755277452559e-15
ENSG00000172404.4,rs743001,41404511,0.12094442394276533,0.012126211389949132,4.572261878404766e-16
ENSG00000100292.12,rs16995553,35660605,35.13146650612962,5.5566090334721805,1.0700649605154197e-08
ENSG00000100292.12,rs9622171,35701457,35.13146650612962,5.5566090334721805,1.0700649605154197e-08
ENSG00000075275.12,rs4823866,47022462,1.4398220190878877,0.21945449910928663,3.6946716746084252e-09
ENSG00000075275.12,rs55696533,47024177,3.878947967523814,0.19522555389715066,4.348070088472998e-34
ENSG00000179750.11,rs12628403,39358037,-8.118240240375885,0.9750611945366965,1.0740118615110477e-12
ENSG00000179750.11,esv2666691,39358280,-8.118240240375885,0.9750611945366965,1.0740118615110477e-12
ENSG00000179750.11,esv2658587,39360536,-7.895138461653946,1.0501545423113403,4.6695635606341895e-11
ENSG00000077935.12,rs5765270,45746426,0.21526727807267773,0.03419262520234227,1.2046627267282997e-08
ENSG00000077935.12,rs5765273,45747952,0.20417312260443174,0.033096622402755946,2.1071377427164424e-08
ENSG00000077935.12,rs5765275,45748339,0.20417312260443174,0.033096622402755946,2.1071377427164424e-08
ENSG00000077935.12,rs5764698,45749983,0.20066018975405847,0.03200403653662329,1.3508188045357544e-08
ENSG00000077935.12,rs9614462,45751231,0.20066018975405847,0.03200403653662329,1.3508188045357544e-08
ENSG00000077935.12,rs5764699,45753133,0.20066018975405847,0.03200403653662329,1.3508188045357544e-08
ENSG00000077935.12,rs66693747,45753509,0.20066018975405847,0.03200403653662329,1.3508188045357544e-08
ENSG00000077935.12,rs5765280,45754156,0.2063887132127502,0.03224182910067216,7.539949222360453e-09
ENSG00000077935.12,rs5764700,45754349,0.2063887132127502,0.03224182910067216,7.539949222360453e-09
ENSG00000077935.12,rs5764701,45754517,0.2026523030548461,0.032078845292765674,1.0947550706711268e-08
ENSG00000077935.12,rs5765281,45754558,0.2063887132127502,0.03224182910067216,7.539949222360453e-09
ENSG00000077935.12,rs1012493,45755666,0.20066018975405847,0.03200403653662329,1.3508188045357544e-08
ENSG00000077935.12,rs1012494,45756020,0.20066018975405847,0.03200403653662329,1.3508188045357544e-08
ENSG00000077935.12,rs2072717,45757999,0.20066018975405847,0.03200403653662329,1.3508188045357544e-08
ENSG00000077935.12,rs2882537,45759213,0.20417312260443174,0.033096622402755946,2.1071377427164424e-08
ENSG00000077935.12,rs77196310,45808938,0.20558153410233027,0.031007304229762417,2.707740904128627e-09
ENSG00000077935.12,rs2272804,45809624,0.20558153410233027,0.031007304229762417,2.707740904128627e-09
ENSG00000172250.10,rs71311440,42896553,-0.7832892106961928,0.11437398897273923,1.00919152951385e-09
ENSG00000172250.10,rs5758768,42902278,-0.8889451606874187,0.1147913724993248,1.6347388611695764e-11
ENSG00000172250.10,rs2003671,42902872,-0.8889451606874187,0.1147913724993248,1.6347388611695764e-11
ENSG00000172250.10,rs2413693,42903579,-0.8889451606874187,0.1147913724993248,1.6347388611695764e-11
ENSG00000172250.10,rs5751290,42903852,-0.8587873993912516,0.11571422001025539,7.296914359470706e-11
ENSG00000172250.10,rs5758772,42903889,-0.8587873993912516,0.11571422001025539,7.296914359470706e-11
ENSG00000172250.10,rs5758773,42904780,0.9164959078996269,0.12167106431281703,4.36612276190934e-11
ENSG00000172250.10,rs1064877,42906958,-0.9134597105835853,0.11062332823738547,1.4814331213118402e-12
ENSG00000172250.10,rs5758774,42907182,-0.9134597105835853,0.11062332823738547,1.4814331213118402e-12
ENSG00000172250.10,rs1137212,42911257,-0.8004599753312348,0.11242209914950081,2.923264143152697e-10
ENSG00000172250.10,rs80028432,42912847,0.8223595908841351,0.12819631175010499,7.097727964895974e-09
ENSG00000172250.10,rs5021906,42912848,0.8223595908841351,0.12819631175010499,7.097727964895974e-09
ENSG00000172250.10,rs5021907,42912867,-0.8768180162625072,0.11218534469687193,1.169926561572683e-11
ENSG00000172250.10,rs5758780,42912904,-0.8735451167026048,0.11239610269586162,1.4347402039401544e-11
ENSG00000172250.10,rs3985936,42913651,-0.8889451606874187,0.1147913724993248,1.6347388611695764e-11
ENSG00000172250.10,rs8137466,42913734,-0.8434798011469794,0.11181395152181343,4.148480092889409e-11
ENSG00000172250.10,rs5758781,42916215,-0.8889451606874187,0.1147913724993248,1.6347388611695764e-11
ENSG00000172250.10,rs9623617,42926188,-0.8937032303925383,0.11471656561569149,1.3161692983827943e-11
ENSG00000172250.10,rs4822161,42933626,-0.9514979060251176,0.12287253896987259,1.6364659385038474e-11
ENSG00000172250.10,rs136976,42940318,-0.9170973528080043,0.10910677517111464,7.387585235997237e-13
ENSG00000172250.10,rs136983,42944621,-0.8068458978500186,0.1232267550063801,3.9210200143459395e-09
ENSG00000100425.13,rs9627976,49731385,14.6831015546026,1.8407877777633,5.5231442015426295e-12
ENSG00000025770.13,rs4040034,51185846,-21.81668225477476,3.5664876195255975,2.646030137849999e-08
ENSG00000100239.10,rs4040034,51185846,-14.37921624225436,2.0174674041087397,2.8279922964195056e-10
ENSG00000217442.3,rs72322846,50894882,2.0238046777718974,0.2789891414013107,1.580406212109575e-10
ENSG00000217442.3,rs61746062,50987843,0.45680561288165134,0.07177159147322465,8.87106474004917e-09
ENSG00000217442.3,rs41281529,50989197,0.5264901769298939,0.06805916428618086,1.698637288580309e-11
ENSG00000217442.3,rs41281531,50989537,0.6579128539325468,0.07070798362026634,1.0676741627881873e-14
ENSG00000217442.3,rs76081526,50991787,0.6579128539325468,0.07070798362026634,1.0676741627881873e-14
ENSG00000217442.3,rs11913340,50996177,0.5264901769298939,0.06805916428618086,1.698637288580309e-11
ENSG00000217442.3,rs62239537,51000543,0.4040414566988444,0.06316072924529409,7.683445644788367e-09
ENSG00000217442.3,rs78789402,51001271,0.6853853741354716,0.059598275194386305,3.763487758134624e-19
ENSG00000217442.3,rs11913936,51004170,0.41503551844925596,0.06345711625208729,4.05037373991087e-09
